Bernard,Peltier du Hebert,LYON 69007,04.71.10.40.86,bernard.peltier-du-hebert@yahoo.fr,architecte,09/07/1979
Daniel,Reynaud,,05.15.41.59.28,daniel.reynaud@outlook.fr,enseignant,30/07/1970
Antoine,Gregoire,,04.95.98.55.55,antoine.gregoire@server.fr,,
Arthur,Levy,LE HAVRE 76610,02.96.97.99.65,arthur.levy@hotmail.fr,journaliste,27/12/1979
,du Legendre,,05.02.26.14.42,alice.du-legendre@yahoo.fr,,
Thomas,Lefebvre de Tanguy,,04.52.47.55.32,thomas.lefebvre-de-tanguy@outlook.fr,ouvrier,14/06/2005
Nathalie,Fernandez,,04.01.20.70.08,,,
,Deschamps-Breton,MARSEILLE 13008,04.34.63.97.72,,,
,Maurice,MARSEILLE 13002,04.34.96.95.47,gregoire.maurice@server.fr,chef d'entreprise,
Patrick,Besson,PARIS 75018,01.47.27.88.17,patrick.besson@hotmail.fr,architecte,24/01/1954
Bernard,Philippe Le Bernier,MARSEILLE 13008,04.33.20.51.73,bernard.philippe-le-bernier@gmail.com,,11/01/1958
Paulette,Peltier,,01.84.21.42.68,paulette.peltier@hotmail.fr,chauffeur,14/07/2003
Aimee,Bonneau,,05.14.98.82.95,aimee.bonneau@gmail.com,cuisinier,01/01/2003
Manon,Lefort,MEYZIEU 69330,04.88.24.82.07,,informaticien,
,Leconte,NANTES 44300,02.21.23.37.71,genevieve.leconte@yahoo.fr,architecte,18/11/1998
Jules-Tristan,Simon,,04.02.52.31.43,jules-tristan.simon@gmail.com,chercheur,03/02/1960
Olivie,de Antoine,TOULOUSE 31500,05.87.69.72.67,olivie.de-antoine@gmail.com,chef d'entreprise,
,Baron,MARSEILLE 13008,04.37.38.13.89,rene.baron@hotmail.fr,informaticien,
Martine-Margaud,Fabre,PARIS 75020,01.57.58.36.75,martine-margaud.fabre@outlook.fr,,10/05/1979
Bernard,Mathieu,PARIS 75016,01.89.84.10.49,bernard.mathieu@outlook.fr,militaire,31/07/1975
,Dupre-Couturier,MONTPELLIER 34080,04.22.71.48.87,josephine.dupre-couturier@hotmail.fr,,27/01/1975
William,Blanchard-Foucher,NICE 06000,04.84.63.25.02,william.blanchard-foucher@yahoo.fr,medecin,09/09/1990
,Martel Le Lemaire,GRENOBLE 38100,04.99.65.56.28,,comptable,26/07/1968
Margaret-Jeannine,Fleury,MARSEILLE 13001,04.42.16.05.37,margaret-jeannine.fleury@gmail.com,,02/07/1994
Edouard,de la Lucas,,04.93.80.53.39,,chauffeur,
,Lemoine du Francois,LYON 69005,04.21.37.34.46,,cuisinier,23/08/1978
Elodie-Michele,Alves,TOULOUSE 31300,05.68.42.65.03,elodie-michele.alves@outlook.fr,informaticien,
,Potier,,05.55.56.31.93,juliette.potier@outlook.fr,,
Edouard,Vallee,,01.82.50.63.14,edouard.vallee@outlook.fr,cuisinier,
Pauline-Christiane,Gomes,LYON 69002,04.72.20.07.91,pauline-christiane.gomes@gmail.com,,29/05/1998
Alexandre,de la Aubry,,04.88.75.16.89,alexandre.de-la-aubry@yahoo.fr,ouvrier,26/11/1971
Anne,Briand-Lucas,SAINT-PRIEST 69800,04.84.73.88.13,anne.briand-lucas@hotmail.fr,chercheur,28/06/1983
Anais,Marie,MARSEILLE 13008,04.58.16.00.36,anais.marie@gmail.com,,18/01/1975
Gregoire,Remy,MARSEILLE 13004,04.18.43.72.95,gregoire.remy@outlook.fr,journaliste,08/03/1985
Louis,Allard,,04.14.02.17.95,louis.allard@gmail.com,ouvrier,01/07/1979
,Louis-Ferreira,PARIS 75010,01.49.07.67.76,joseph.louis-ferreira@hotmail.fr,,
Michel-Patrick,Chauveau,ST ETIENNE 42000,04.08.88.95.38,michel-patrick.chauveau@outlook.fr,acteur,10/05/1971
Madeleine-Aimee,Martin,TOULON 83100,04.04.29.16.42,madeleine-aimee.martin@gmail.com,journaliste,07/03/1985
Luce,Muller,,04.62.40.17.81,luce.muller@gmail.com,acteur,16/07/1955
Maurice,Maurice,PARIS 75003,01.26.93.86.53,maurice.maurice@gmail.com,,24/02/1999
Veronique-Veronique,Jacob,RENNES 35000,02.09.23.48.05,veronique-veronique.jacob@gmail.com,,
,Alexandre du Rodriguez,MARSEILLE 13003,04.49.09.82.47,arthur.alexandre-du-rodriguez@gmail.com,enseignant,13/03/1992
Zacharie-Vincent,Rolland,MARSEILLE 13009,04.63.69.99.69,zacharie-vincent.rolland@yahoo.fr,,
Jerome,Dos Santos,RENNES 35000,02.68.87.37.79,jerome.dos-santos@yahoo.fr,,26/11/1961
,Breton,TOULOUSE 31300,05.32.15.54.53,gerard.breton@hotmail.fr,,30/06/1966
Adrien,Guillot Le Robert,MARSEILLE 13016,04.11.95.55.89,adrien.guillot-le-robert@server.fr,,22/06/1957
,Rodrigues,LYON 69001,04.66.98.54.39,adrien.rodrigues@hotmail.fr,,04/08/2003
Elodie,Dubois Le Pierre,,01.33.43.04.56,elodie.dubois-le-pierre@gmail.com,boulanger,09/04/1996
Jacques,Perrin,,01.98.60.62.24,,barman,16/04/1989
Aurelie,Benoit,,02.14.78.82.56,aurelie.benoit@gmail.com,avocat,
Theophile,Mathieu,,03.51.77.62.62,,,
Frederique,du Vallet,MARSEILLE 13009,04.82.72.80.07,frederique.du-vallet@hotmail.fr,chauffeur,19/11/1974
Robert,Jacques,STRASBOURG 67200,03.92.34.94.97,robert.jacques@yahoo.fr,,
,Vincent,,01.07.43.00.50,colette.vincent@hotmail.fr,cuisinier,
Manon,Bertrand,,04.12.94.93.13,manon.bertrand@server.fr,ouvrier,29/06/1996
Thierry,Le Colin,,01.46.30.09.69,thierry.le-colin@gmail.com,journaliste,12/12/1999
,Carlier,,04.61.39.00.68,louise.carlier@outlook.fr,,
,de la Monnier,MARSEILLE 13006,04.03.44.60.69,henri.de-la-monnier@hotmail.fr,,
Robert,Menard,PARIS 75016,01.42.10.92.24,robert.menard@gmail.com,militaire,22/01/1992
,Legrand,TOULOUSE 31100,05.41.86.32.96,guillaume.legrand@gmail.com,journaliste,20/05/1969
Raymond,Picard,TOULOUSE 31200,05.19.99.85.48,raymond.picard@yahoo.fr,medecin,25/03/1969
,Leleu Le Colas,TOULOUSE 31400,05.20.54.42.50,daisy.leleu-le-colas@gmail.com,barman,05/05/1992
,Giraud Le Bonnin,PARIS 75016,01.11.19.71.52,,boulanger,08/01/1988
Alice,Briand,MARSEILLE 13011,04.04.17.21.28,alice.briand@gmail.com,enseignant,02/01/1964
,Baron,,04.73.38.00.46,yves.baron@yahoo.fr,,16/05/2004
,Fouquet du Gaudin,PARIS 75013,01.51.60.87.82,christine.fouquet-du-gaudin@gmail.com,informaticien,17/01/1980
Timothee,Lebrun de la Lelievre,BORDEAUX 33300,05.37.86.81.54,timothee.lebrun-de-la-lelievre@server.fr,enseignant,07/09/1988
,Gomez du Raynaud,LYON 69006,04.70.02.37.12,joseph.gomez-du-raynaud@yahoo.fr,banquier,08/09/1992
,Fournier-Pascal,,04.76.79.62.19,clemence.fournier-pascal@hotmail.fr,,06/11/1967
Arnaude,Laporte,MARSEILLE 13015,04.39.09.07.27,arnaude.laporte@hotmail.fr,avocat,
Thierry,Lambert,BORDEAUX 33200,05.36.30.25.66,thierry.lambert@hotmail.fr,,
,Delannoy,PARIS 75018,01.38.85.16.24,nicole.delannoy@hotmail.fr,cuisinier,12/09/1987
Richard-Eugene,Besson,PARIS 75019,01.57.69.03.57,richard-eugene.besson@gmail.com,chef d'entreprise,29/05/1960
Bernadette,Bouchet,NICE 06100,04.14.72.00.92,bernadette.bouchet@yahoo.fr,medecin,
Maurice,Rodriguez,MARSEILLE 13002,04.15.41.17.59,maurice.rodriguez@server.fr,architecte,12/04/1965
Gabrielle,Lecomte,STRASBOURG 67200,03.89.32.08.94,gabrielle.lecomte@server.fr,barman,05/06/1982
Nath,Dupuis,MARSEILLE 13007,04.33.06.85.10,nath.dupuis@gmail.com,militaire,06/08/1995
Marguerite,Monnier,LYON 69005,04.44.44.31.63,marguerite.monnier@server.fr,informaticien,
Timothee,de la Da Costa,MARSEILLE 13013,04.51.80.30.03,timothee.de-la-da-costa@outlook.fr,,01/05/1979
Sebastien-Vincent,Petitjean,NANTES 44200,02.70.24.95.83,sebastien-vincent.petitjean@hotmail.fr,enseignant,17/01/1974
,Menard,,04.03.98.93.57,louis.menard@outlook.fr,,15/11/1993
Gilbert,Guyon,,04.30.18.48.49,gilbert.guyon@outlook.fr,architecte,
Antoine,Launay,TOULOUSE 31300,05.36.68.49.09,,enseignant,30/11/2003
Maurice,Faure,,04.03.88.62.21,maurice.faure@hotmail.fr,footballeur,07/06/1980
Alain,Rousseau,,02.58.00.44.67,alain.rousseau@yahoo.fr,,
Denise,Moreau,PARIS 75016,01.29.69.98.04,denise.moreau@outlook.fr,chercheur,18/07/1966
Zacharie,Marchal,LE HAVRE 76620,02.51.88.54.71,zacharie.marchal@server.fr,architecte,27/09/1987
,Jacquot,PARIS 75005,01.89.09.31.73,,chercheur,
Zacharie,Guillaume,,04.91.07.90.45,zacharie.guillaume@gmail.com,comptable,03/01/1977
Suzanne,Ferrand,,02.80.20.52.87,suzanne.ferrand@gmail.com,militaire,18/08/1972
Philippe,Ferreira,PARIS 75015,01.96.21.48.05,philippe.ferreira@server.fr,agriculteur,07/01/1969
,Perez-Riviere,PARIS 75015,01.16.98.40.37,isabelle.perez-riviere@outlook.fr,,04/12/1971
Olivie,Merle,PARIS 75015,01.18.76.61.86,olivie.merle@outlook.fr,,11/02/1955
Dorothee,Guyon,MONTPELLIER 34000,04.58.37.00.10,dorothee.guyon@outlook.fr,,
Hugues,Delaunay,LYON 69004,04.79.19.38.16,hugues.delaunay@gmail.com,barman,05/07/2005
Nathalie-Laure,Lemaire,MONTPELLIER 34080,04.09.86.99.53,nathalie-laure.lemaire@outlook.fr,architecte,
,Le Thierry,MONTPELLIER 34070,04.75.64.82.26,richard.le-thierry@yahoo.fr,,12/06/1955
Olivier,Gomes,,01.69.32.69.10,olivier.gomes@hotmail.fr,,02/09/1993
Odette,de Lebreton,,01.54.26.54.39,odette.de-lebreton@outlook.fr,boulanger,23/08/1961
Jean,Philippe,,01.75.55.38.00,jean.philippe@gmail.com,,
Marine,Lebreton,RENNES 35000,02.22.72.41.20,marine.lebreton@gmail.com,,06/07/1985
Caroline,Guyon-Marchand,,01.61.42.60.17,caroline.guyon-marchand@outlook.fr,,24/01/1977
Francois,Courtois,LYON 69001,04.46.29.26.71,francois.courtois@server.fr,ouvrier,09/11/1997
Roger,Andre,NICE 06200,04.38.45.21.72,roger.andre@hotmail.fr,footballeur,12/04/1966
Luce,Caron-Royer,PARIS 75018,01.44.15.69.46,luce.caron-royer@gmail.com,boulanger,
Noel,Bouvier,LYON 69009,04.55.45.61.14,,footballeur,23/06/1990
Aurelie,Bouvier,,04.35.08.60.78,aurelie.bouvier@hotmail.fr,comptable,
Zacharie,Le Lambert,PARIS 75003,01.46.90.47.70,zacharie.le-lambert@hotmail.fr,avocat,
Audrey,Millet-Hamel,,04.35.93.82.62,audrey.millet-hamel@gmail.com,architecte,16/07/1993
Olivier,Dumont,MARSEILLE 13016,04.50.35.69.15,olivier.dumont@gmail.com,militaire,25/07/1999
Daniel,Vallet Le Bouchet,PARIS 75006,01.18.53.12.69,daniel.vallet-le-bouchet@outlook.fr,chef d'entreprise,21/11/1989
Gregoire,Schmitt,,01.50.55.60.42,gregoire.schmitt@gmail.com,,28/12/1983
Suzanne,Bourgeois-Le Roux,,01.44.02.02.06,suzanne.bourgeois-le-roux@gmail.com,chauffeur,
Sylvie,Guyon,MARSEILLE 13013,04.26.10.96.37,sylvie.guyon@outlook.fr,boulanger,
,Fernandes,PARIS 75007,01.43.81.23.68,luc-daniel.fernandes@hotmail.fr,,21/11/1967
Marie,Mathieu,,04.82.56.13.60,,acteur,17/09/1996
Thomas,Baron,MARSEILLE 13013,04.75.99.08.06,thomas.baron@yahoo.fr,barman,
,Bonnin Le Blanchet,NICE 06000,04.80.38.14.27,margot.bonnin-le-blanchet@gmail.com,chauffeur,
Joseph,Weiss,MARSEILLE 13013,04.84.04.96.49,joseph.weiss@server.fr,,10/06/1976
Adelaide,Benoit,MARSEILLE 13012,04.16.23.32.39,adelaide.benoit@hotmail.fr,,
Remy,Chevallier,PARIS 75001,01.91.80.56.73,remy.chevallier@hotmail.fr,,27/04/2000
Gilbert,de Lacroix,LE HAVRE 76610,02.85.45.76.16,gilbert.de-lacroix@server.fr,,02/02/1975
Francois,Pages-Fleury,PARIS 75008,01.69.28.41.46,francois.pages-fleury@yahoo.fr,cuisinier,25/05/1981
,Le Henry,,04.54.89.29.25,emmanuel.le-henry@outlook.fr,boulanger,16/06/1991
Monique,Pons,PARIS 75015,01.47.43.93.22,monique.pons@gmail.com,informaticien,
Capucine,Ollivier-Leclercq,,01.94.30.58.37,,avocat,
Gabriel,Maillot,NICE 06000,04.62.83.26.55,gabriel.maillot@outlook.fr,cuisinier,12/06/1990
Dorothee,Leclerc,PARIS 75003,01.57.81.93.58,dorothee.leclerc@gmail.com,ouvrier,
,Mathieu,,01.87.45.66.33,marianne.mathieu@outlook.fr,,20/05/1970
Michel,Le Regnier,BORDEAUX 33100,05.28.32.45.13,michel.le-regnier@gmail.com,militaire,02/09/2001
Pauline,Vallet du Moreau,,01.35.93.18.28,pauline.vallet-du-moreau@hotmail.fr,agriculteur,
Sophie,Masson,MARSEILLE 13008,04.47.66.50.12,sophie.masson@yahoo.fr,,09/09/2002
,Monnier,MARSEILLE 13008,04.91.58.27.67,benjamin.monnier@gmail.com,boulanger,
Alfred,Thibault,TOULOUSE 31000,05.34.21.41.83,alfred.thibault@yahoo.fr,banquier,10/11/1996
Luc,Allain de Legrand,MARSEILLE 13008,04.82.30.52.10,luc.allain-de-legrand@yahoo.fr,chercheur,31/01/1956
Marine-Luce,Gregoire,NICE 06200,04.00.08.20.21,marine-luce.gregoire@gmail.com,,12/07/2000
Isaac,Roy-Ribeiro,PARIS 75012,01.35.07.46.64,,chercheur,22/06/1963
,Moreau Le Bruneau,TOULOUSE 31000,05.70.91.50.09,leon.moreau-le-bruneau@outlook.fr,chauffeur,16/06/1995
Leon-Emile,Pottier,PARIS 75015,01.22.43.25.04,leon-emile.pottier@gmail.com,,11/07/2001
Josette,Perrot du Benoit,NICE 06200,04.41.60.65.19,josette.perrot-du-benoit@outlook.fr,technicien,31/08/1956
Nicole,Hubert Le Pires,NICE 06200,04.61.30.65.53,nicole.hubert-le-pires@outlook.fr,ouvrier,05/09/1989
Bernard-Thomas,Alexandre,VILLEURBANNE 69100,04.34.25.10.32,bernard-thomas.alexandre@gmail.com,ouvrier,07/12/2004
Alfred,Marty,MARSEILLE 13016,04.59.24.17.00,alfred.marty@gmail.com,banquier,
Cecile,du Fernandez,MARSEILLE 13013,04.28.56.11.58,cecile.du-fernandez@hotmail.fr,barman,
Raymond,Marie,ST ETIENNE 42100,04.17.98.24.30,raymond.marie@outlook.fr,militaire,03/05/2000
,Gautier,NICE 06200,04.85.45.49.76,emmanuelle.gautier@gmail.com,,01/11/1997
Marc,Chauvet,NANTES 44000,02.74.45.30.16,,,25/09/2000
Vincent,Bruneau,,02.60.85.78.67,vincent.bruneau@outlook.fr,architecte,
Julien-Aime,Brunel,AIX-EN-PROVENCE 13090,04.27.78.62.47,julien-aime.brunel@gmail.com,militaire,
Isabelle,Humbert,NICE 06200,04.38.64.56.37,isabelle.humbert@server.fr,comptable,29/12/1983
Marie,de la Lefevre,NICE 06000,04.67.60.05.05,marie.de-la-lefevre@outlook.fr,avocat,03/10/1962
,Pinto,TOULON 83100,04.96.64.07.03,frederic.pinto@yahoo.fr,,
,Le Laporte,,05.34.25.92.98,sabine.le-laporte@server.fr,,15/04/2003
,Samson,,04.11.18.20.56,vincent.samson@hotmail.fr,chercheur,29/06/2002
Eric,Muller,MARSEILLE 13008,04.76.72.20.33,eric.muller@server.fr,enseignant,09/01/1990
Alphonse,Loiseau,LILLE 59260,03.79.21.22.43,,footballeur,18/09/1956
Andree,Le Roux,PARIS 75005,01.91.72.37.37,,chauffeur,23/12/1989
Christine,Bigot,,04.99.37.11.30,christine.bigot@server.fr,,08/04/1980
Gilles,Godard,PARIS 75009,01.36.27.06.99,gilles.godard@gmail.com,agriculteur,27/06/1977
Georges,Baudry,MARSEILLE 13012,04.90.87.94.12,georges.baudry@server.fr,,16/12/1974
Amelie,Bouchet,LILLE 59260,03.01.99.77.64,amelie.bouchet@yahoo.fr,technicien,07/05/1985
Gilles,Benard,TOULOUSE 31500,05.37.42.99.50,gilles.benard@gmail.com,,15/07/1991
,Bourgeois,,04.66.50.42.62,,chauffeur,13/09/1980
Michelle-Noemi,Boulanger,MARSEILLE 13004,04.81.71.21.13,michelle-noemi.boulanger@hotmail.fr,acteur,18/04/1963
,Martin,LE HAVRE 76610,02.33.29.34.52,aimee.martin@hotmail.fr,chercheur,
Nath,Munoz,,04.42.19.95.12,nath.munoz@gmail.com,banquier,22/04/1993
Christine,Ferreira,,04.49.95.04.94,christine.ferreira@gmail.com,,22/05/1978
,Carre,,04.54.89.39.75,rene.carre@yahoo.fr,banquier,
Bertrand,Renault,MARSEILLE 13008,04.83.90.03.91,bertrand.renault@gmail.com,,06/03/1954
Margot,Julien-Lucas,,04.10.75.42.45,,journaliste,
Augustin,Guillon,PARIS 75007,01.35.51.07.98,augustin.guillon@gmail.com,informaticien,
Michele,Lefebvre Le Gomes,STRASBOURG 67000,03.54.04.19.42,michele.lefebvre-le-gomes@gmail.com,,19/02/1969
Jeannine,Buisson,GRENOBLE 38000,04.89.83.55.56,jeannine.buisson@outlook.fr,technicien,09/12/1965
Olivier,du Weber,,01.38.57.93.31,olivier.du-weber@gmail.com,,18/02/1967
Jacqueline-Henriette,Legendre,MARSEILLE 13009,04.22.46.92.18,,,
Marie-Lorraine,Begue,GIVORS 69700,04.95.91.34.96,,technicien,13/10/2002
,Colas,NANTES 44200,02.93.65.09.17,celine.colas@yahoo.fr,cuisinier,
Caroline,Pottier de Olivier,SAINT-DENIS 93200,01.17.47.68.05,,,21/01/1967
,Le Fabre,PARIS 75116,01.25.88.67.12,henri.le-fabre@yahoo.fr,,
Pierre,Weber,PARIS 75014,01.15.78.37.28,pierre.weber@yahoo.fr,banquier,
Gabrielle,Henry,LYON 69008,04.80.81.21.45,gabrielle.henry@hotmail.fr,journaliste,20/01/1999
Lorraine-Stephanie,Pinto,STRASBOURG 67100,03.10.73.70.15,lorraine-stephanie.pinto@hotmail.fr,,06/11/1960
Jeannine,Albert,LYON 69009,04.51.30.12.02,jeannine.albert@gmail.com,,
Julien,Poulain,MARSEILLE 13013,04.33.58.34.42,julien.poulain@outlook.fr,avocat,28/01/1975
Susanne,Leclercq-Denis,TOULOUSE 31300,05.70.04.74.43,susanne.leclercq-denis@gmail.com,informaticien,11/11/1969
Maggie,Le Guillou,,02.49.87.33.79,maggie.le-guillou@outlook.fr,,08/09/1997
Philippine-Alexandria,Ramos,RENNES 35200,02.51.41.49.74,philippine-alexandria.ramos@yahoo.fr,,16/10/1980
Nicolas-Frederic,Colas,,04.61.93.19.73,nicolas-frederic.colas@gmail.com,,
,Regnier,MARSEILLE 13011,04.07.39.10.60,,acteur,01/05/1985
Matthieu,Brun de la Imbert,MARSEILLE 13007,04.37.67.94.73,matthieu.brun-de-la-imbert@gmail.com,technicien,28/01/1984
,Gautier,LYON 69003,04.33.77.46.54,yves.gautier@outlook.fr,chef d'entreprise,29/12/1984
,Marques de la Charles,TOULOUSE 31200,05.28.41.33.55,antoinette.marques-de-la-charles@gmail.com,footballeur,02/11/1987
Richard,Julien,PARIS 75019,01.99.73.58.28,richard.julien@hotmail.fr,footballeur,30/07/1962
Aime-Thibaut,Germain,PARIS 75017,01.07.82.58.28,aime-thibaut.germain@outlook.fr,acteur,18/12/1957
Daniel,Daniel,LYON 69007,04.16.01.49.68,daniel.daniel@gmail.com,,30/08/1996
Michelle,Maurice,,04.56.76.87.69,michelle.maurice@gmail.com,,25/01/1970
,Teixeira,,04.81.15.49.13,celina.teixeira@outlook.fr,,07/08/1996
,de la Marion,,04.14.77.24.33,maryse.de-la-marion@outlook.fr,,
Bertrand,Maillard,PARIS 75009,01.95.63.35.31,bertrand.maillard@gmail.com,,
Roland,Hebert,LYON 69001,04.67.28.21.92,roland.hebert@hotmail.fr,cuisinier,
Josette-Clemence,Garnier,ST ETIENNE 42000,04.57.50.49.72,josette-clemence.garnier@server.fr,,15/05/1989
Eugene,Hubert,NICE 06200,04.72.27.30.62,eugene.hubert@hotmail.fr,,
,Leclerc,PARIS 75012,01.17.16.96.13,claire.leclerc@yahoo.fr,,
,Noel,,02.27.72.27.25,josette.noel@gmail.com,acteur,26/08/1968
,Bruneau,MONTPELLIER 34090,04.64.96.01.31,honore.bruneau@gmail.com,,16/06/1989
Audrey,Mace de Bailly,LYON 69008,04.16.31.21.30,audrey.mace-de-bailly@outlook.fr,,
Helene,Thierry,PARIS 75001,01.36.05.46.29,helene.thierry@outlook.fr,militaire,06/02/1973
Theophile,Menard,ST ETIENNE 42100,04.77.60.95.97,theophile.menard@yahoo.fr,chercheur,
Guy-Alexandre,Jacques,LYON 69001,04.72.87.41.85,guy-alexandre.jacques@gmail.com,chauffeur,27/11/1991
Edouard,Rocher,LILLE 59260,03.50.90.68.83,edouard.rocher@yahoo.fr,agriculteur,
Emmanuel,Martin de la Da Costa,PARIS 75007,01.85.97.00.97,emmanuel.martin-de-la-da-costa@yahoo.fr,barman,08/03/1969
,Michel,,01.93.34.39.34,nath.michel@gmail.com,chef d'entreprise,06/01/1964
Noel,Perret,MARSEILLE 13008,04.47.95.41.38,noel.perret@hotmail.fr,footballeur,19/12/1979
,Noel,PARIS 75003,01.14.55.12.90,emmanuelle.noel@yahoo.fr,,
Philippine,Huet,RENNES 35000,02.15.99.88.77,,chauffeur,
,Thomas,MARSEILLE 13007,04.44.47.47.00,astrid.thomas@outlook.fr,ouvrier,
,Bruneau,MARSEILLE 13011,04.44.67.54.70,margot.bruneau@server.fr,informaticien,
Mathilde,Rodrigues,,01.76.73.19.66,mathilde.rodrigues@hotmail.fr,avocat,14/03/2006
,Loiseau,MARSEILLE 13015,04.24.72.74.55,lucas-etienne.loiseau@outlook.fr,technicien,02/04/1998
Thibaut,Turpin,PARIS 75018,01.34.28.59.20,thibaut.turpin@server.fr,,07/12/1984
,Perrin,,01.79.27.37.25,david.perrin@gmail.com,,13/06/2001
Frederic,Didier de Blot,LYON 69003,04.00.60.14.00,frederic.didier-de-blot@yahoo.fr,architecte,
,Fontaine Le Dumont,TOULOUSE 31000,05.78.98.33.79,anouk.fontaine-le-dumont@gmail.com,,
Isabelle,Bouvier,,01.07.76.79.85,isabelle.bouvier@gmail.com,avocat,
Christelle,Renault-Berger,,05.83.29.30.86,christelle.renault-berger@gmail.com,,23/12/1990
Martin,Lagarde,STRASBOURG 67000,03.84.77.36.73,martin.lagarde@yahoo.fr,architecte,27/11/1961
,Vidal,PARIS 75002,01.79.18.87.12,leon.vidal@gmail.com,chef d'entreprise,26/02/1962
,Sauvage,,04.20.46.56.36,jeannine.sauvage@outlook.fr,chauffeur,11/10/1985
Leon,Le Ferrand,MARSEILLE 13009,04.18.11.74.49,,journaliste,26/05/2004
Gerard,Besson Le Regnier,PARIS 75004,01.30.04.71.61,gerard.besson-le-regnier@gmail.com,,
Adelaide,Launay,PARIS 75012,01.04.72.47.67,adelaide.launay@gmail.com,,
Alphonse,du Charrier,MARSEILLE 13012,04.06.24.57.03,alphonse.du-charrier@outlook.fr,,18/02/1986
Astrid,Jacob,BORDEAUX 33200,05.27.42.11.79,astrid.jacob@hotmail.fr,chauffeur,
Thomas,Olivier,,04.48.52.11.50,thomas.olivier@hotmail.fr,medecin,03/09/1984
Rene,Allard,MONTPELLIER 34000,04.79.94.78.37,rene.allard@gmail.com,,01/05/1983
,Jacquet-Pichon,RENNES 35200,02.52.84.77.27,andre.jacquet-pichon@outlook.fr,chef d'entreprise,
Astrid,Cousin,PARIS 75004,01.28.39.25.90,astrid.cousin@yahoo.fr,barman,11/05/1968
,Aubert-Berthelot,,03.82.39.42.23,philippine.aubert-berthelot@yahoo.fr,comptable,25/10/2002
Jerome,Robert,,02.18.40.57.99,jerome.robert@outlook.fr,architecte,19/11/1956
Celine,Potier-Paris,,05.68.30.59.40,celine.potier-paris@yahoo.fr,medecin,22/07/2006
Bernard,Faivre-Prevost,PARIS 75008,01.68.76.09.73,bernard.faivre-prevost@yahoo.fr,informaticien,
Francoise,Bourdon,PARIS 75004,01.92.51.97.32,francoise.bourdon@gmail.com,,11/01/1991
Renee,Gallet,RENNES 35200,02.89.85.93.39,renee.gallet@server.fr,banquier,16/06/1999
Bernard-Maurice,Blanc,PARIS 75017,01.73.29.58.70,bernard-maurice.blanc@gmail.com,,26/02/1993
Roger,Dumont,MARSEILLE 13013,04.96.05.58.64,roger.dumont@outlook.fr,,
William,Jacques,MONTPELLIER 34070,04.44.27.63.67,william.jacques@gmail.com,technicien,24/09/1982
,Baron,LYON 69003,04.41.96.84.24,paul.baron@gmail.com,,22/11/1960
Anais,Gilbert,NANTES 44300,02.82.56.25.27,anais.gilbert@hotmail.fr,militaire,27/05/1986
Margaud-Simone,Gaudin,,04.53.18.32.10,margaud-simone.gaudin@hotmail.fr,,22/05/1997
Marcel,Deschamps,PARIS 75007,01.53.66.97.48,marcel.deschamps@hotmail.fr,,08/06/1989
Tristan,Delahaye,TOULON 83000,04.98.08.75.12,tristan.delahaye@hotmail.fr,barman,
,Leclerc,,01.33.48.90.54,,,
Constance,Da Silva-Normand,TOULOUSE 31000,05.60.98.10.20,constance.da-silva-normand@hotmail.fr,,
Patricia,Jacob,SAINT-DENIS 93200,01.49.26.91.51,patricia.jacob@yahoo.fr,,27/11/2000
,Gautier,PARIS 75006,01.24.88.54.86,zoe.gautier@outlook.fr,footballeur,
Paul,Pineau de la Traore,ST ETIENNE 42100,04.03.32.37.40,paul.pineau-de-la-traore@hotmail.fr,chef d'entreprise,19/04/1995
Gilbert,Le Benoit,PARIS 75009,01.24.54.50.36,gilbert.le-benoit@hotmail.fr,,
Raymond,Chevallier-Baudry,,04.89.15.99.38,raymond.chevallier-baudry@yahoo.fr,,08/06/2004
Christine,Lemoine,MARSEILLE 13007,04.83.40.57.09,christine.lemoine@gmail.com,,
Laurence,Lacombe,BORDEAUX 33100,05.19.81.29.12,laurence.lacombe@gmail.com,architecte,20/09/2002
Auguste-Daniel,Robert,TOULOUSE 31500,05.95.59.43.06,auguste-daniel.robert@gmail.com,,04/07/1961
Augustin,Bourgeois,MARSEILLE 13011,04.38.30.95.78,augustin.bourgeois@gmail.com,,
Gregoire,du Renault,MARSEILLE 13009,04.45.59.76.99,,militaire,31/05/2006
Margot,Le Masse,MARSEILLE 13002,04.73.32.18.88,,chercheur,
Marcel,Merle,,04.31.91.22.55,marcel.merle@server.fr,medecin,29/01/1964
Edouard,Marin,PARIS 75004,01.11.42.32.96,edouard.marin@gmail.com,,26/03/1958
Michelle,du Lemaire,,01.65.65.24.06,michelle.du-lemaire@hotmail.fr,journaliste,
Josette,Maillot,MARSEILLE 13007,04.11.49.45.90,josette.maillot@hotmail.fr,informaticien,08/10/1987
Marcel,Lecomte,,01.75.23.38.51,marcel.lecomte@outlook.fr,,01/10/2006
Lucie-Bernadette,Maillot,LE HAVRE 76620,02.09.07.51.00,lucie-bernadette.maillot@gmail.com,footballeur,23/08/1984
Gilles-Andre,Payet,BORDEAUX 33000,05.48.74.97.79,,agriculteur,06/08/1983
Louis,Legendre du Petitjean,PARIS 75005,01.10.28.39.98,louis.legendre-du-petitjean@gmail.com,,
Denis,Aubert,,04.38.12.45.82,,journaliste,08/06/1996
Eleonore,Valentin,MARSEILLE 13003,04.28.94.21.06,eleonore.valentin@server.fr,,
,Thierry,,03.47.82.25.56,jerome.thierry@hotmail.fr,,
Robert,Le Paul,SAINT-DENIS 93200,01.37.83.32.68,robert.le-paul@hotmail.fr,banquier,03/10/1980
Emile,Auger,,04.63.95.75.35,emile.auger@yahoo.fr,,11/04/1973
Timothee,Wagner,PARIS 75018,01.82.58.64.72,,ouvrier,
Philippe,Bourgeois,MARSEILLE 13013,04.87.80.49.62,philippe.bourgeois@server.fr,,
Zoe,Marion-Masson,MARSEILLE 13008,04.97.86.34.45,zoe.marion-masson@outlook.fr,cuisinier,20/07/1988
Margaux,Lacombe-Ferreira,LILLE 59000,03.45.83.56.05,margaux.lacombe-ferreira@gmail.com,enseignant,
Stephane,Duval,,04.64.07.52.33,stephane.duval@hotmail.fr,,13/08/1964
Martin,Petit-Roussel,MARSEILLE 13016,04.41.64.71.96,martin.petit-roussel@yahoo.fr,,13/03/1982
Vincent,Dupre-Morin,NICE 06100,04.10.21.74.62,vincent.dupre-morin@gmail.com,chauffeur,
Suzanne,Leroy,GRENOBLE 38100,04.39.67.81.60,suzanne.leroy@hotmail.fr,,
Alexandrie,Aubry,,01.01.64.64.43,alexandrie.aubry@hotmail.fr,informaticien,
Alix,Rey,MARSEILLE 13016,04.13.15.63.49,alix.rey@outlook.fr,,07/06/2000
,Duval,NICE 06000,04.38.04.70.31,joseph.duval@gmail.com,chauffeur,07/02/1965
Alphonse-David,Rey,,04.35.25.89.60,alphonse-david.rey@outlook.fr,,
Aime,Mace,,04.40.53.96.83,aime.mace@yahoo.fr,ouvrier,17/01/1985
,Meunier,PARIS 75017,01.05.24.72.60,maurice.meunier@yahoo.fr,agriculteur,
,Lebrun,NICE 06200,04.63.84.95.56,caroline.lebrun@outlook.fr,chef d'entreprise,22/09/1969
Andre,du De Sousa,VILLEURBANNE 69100,04.93.41.24.75,andre.du-de-sousa@yahoo.fr,avocat,24/02/1981
Augustin,Lemoine,NICE 06000,04.57.29.62.93,augustin.lemoine@server.fr,technicien,05/05/1957
Francois-Eugene,Louis,,04.14.80.32.56,francois-eugene.louis@yahoo.fr,,
Thomas-Gregoire,Riviere,TOULOUSE 31200,05.60.89.08.20,thomas-gregoire.riviere@gmail.com,chef d'entreprise,
Paul-Timothee,Durand,NANTES 44300,02.53.73.31.75,paul-timothee.durand@hotmail.fr,cuisinier,05/03/1974
Thibaut,Pichon,,01.42.00.50.20,thibaut.pichon@yahoo.fr,,19/02/1983
Noemi,Etienne-Techer,,04.33.68.87.28,noemi.etienne-techer@gmail.com,barman,26/08/2004
Emile,Colas de Dias,,04.10.82.13.92,emile.colas-de-dias@hotmail.fr,boulanger,31/07/1956
Arthur,Perret,TOULOUSE 31200,05.82.88.34.50,arthur.perret@yahoo.fr,medecin,
,Dumas,,04.51.79.73.57,marcel.dumas@outlook.fr,militaire,
Paulette,Berthelot,SAINT-DENIS 93210,01.41.75.04.70,paulette.berthelot@gmail.com,medecin,28/03/1996
Antoine,Guillou,NICE 06100,04.84.41.73.05,antoine.guillou@outlook.fr,avocat,28/11/1983
Frederic,de la Bertin,MONTPELLIER 34090,04.06.28.88.02,frederic.de-la-bertin@gmail.com,chauffeur,11/10/1993
Simone,Carlier,,04.42.05.74.11,simone.carlier@hotmail.fr,acteur,
Lucie,Buisson,LYON 69002,04.35.42.15.44,lucie.buisson@yahoo.fr,cuisinier,
Claude,Robert,TOULON 83100,04.90.84.18.73,claude.robert@outlook.fr,cuisinier,01/08/2001
Sylvie,Laporte,,01.79.77.62.75,sylvie.laporte@server.fr,chercheur,07/04/1974
Nicolas,Gautier-Merle,,01.91.89.27.66,nicolas.gautier-merle@hotmail.fr,,
,Perrin,BORDEAUX 33100,05.39.90.87.93,adele.perrin@hotmail.fr,,
Henri,Roche,NICE 06100,04.26.43.33.17,henri.roche@gmail.com,,
,Raymond,,04.90.09.10.53,claire.raymond@gmail.com,boulanger,15/01/1994
Emmanuelle,Aubry,PARIS 75006,01.26.34.58.25,emmanuelle.aubry@gmail.com,avocat,22/05/1988
Alexandre,Lambert,MARSEILLE 13001,04.89.73.57.01,,,
Julie,Roy de Didier,,02.41.01.51.03,julie.roy-de-didier@server.fr,barman,
,Lenoir,,02.55.50.17.17,marguerite.lenoir@yahoo.fr,,31/03/1964
,Martineau,LYON 69007,04.97.19.18.65,diane.martineau@gmail.com,journaliste,19/07/1960
,Besson,,04.71.93.75.33,,comptable,
Gregoire,de la Gay,LYON 69002,04.14.20.39.67,gregoire.de-la-gay@gmail.com,ouvrier,
Andre,Muller-Dubois,PARIS 75007,01.98.25.72.78,andre.muller-dubois@hotmail.fr,,29/12/1965
Margot,Bruneau,MONTPELLIER 34000,04.69.03.46.17,margot.bruneau@outlook.fr,medecin,16/08/1976
Jean,Herve,NANTES 44300,02.37.60.88.35,jean.herve@server.fr,,21/01/1962
Lucy,Guichard,,04.59.20.45.26,lucy.guichard@gmail.com,banquier,
Therese-Renee,Allard,PARIS 75005,01.90.76.99.52,therese-renee.allard@hotmail.fr,barman,
Jeannine,Schneider,TOULOUSE 31400,05.84.16.98.17,jeannine.schneider@yahoo.fr,,
,Antoine,PARIS 75003,01.85.29.43.35,adrienne.antoine@gmail.com,medecin,
Jean,Gaillard,MARSEILLE 13014,04.64.79.46.39,jean.gaillard@yahoo.fr,,11/11/1954
Hugues,Leroy,,01.52.85.71.45,hugues.leroy@outlook.fr,acteur,
Michel,Torres,PARIS 75019,01.03.09.25.63,michel.torres@gmail.com,,
Marianne,Bouvier-Vallee,NANTES 44300,02.34.90.54.63,marianne.bouvier-vallee@gmail.com,,13/09/2006
Elisabeth,Dumont du Mary,,01.86.30.90.16,elisabeth.dumont-du-mary@outlook.fr,acteur,25/11/1994
Pierre,Lefebvre,LILLE 59000,03.08.23.50.02,pierre.lefebvre@gmail.com,,
Alphonse,Bourgeois-Guillaume,MARSEILLE 13013,04.08.94.59.07,alphonse.bourgeois-guillaume@outlook.fr,chercheur,21/01/1992
Guillaume,Michaud,GRENOBLE 38000,04.03.40.21.51,guillaume.michaud@server.fr,,19/12/1962
Anouk,de la Lemoine,CHAMPAGNE-AU-MONT-D'OR 69410,04.18.89.90.01,anouk.de-la-lemoine@outlook.fr,,
Lucie,Dubois,,02.04.75.30.79,lucie.dubois@gmail.com,cuisinier,
,Lopes,LYON 69008,04.83.32.46.60,,ouvrier,17/05/2002
Antoinette,Benoit,SAINT-DENIS 93210,01.47.53.32.77,antoinette.benoit@server.fr,medecin,25/05/1980
Suzanne,Henry,,01.48.21.20.09,suzanne.henry@gmail.com,chercheur,27/07/2000
Aurelie,Marion,GRENOBLE 38000,04.98.00.29.35,aurelie.marion@outlook.fr,,10/02/2000
Aimee,Marchal,LYON 69001,04.49.62.16.61,aimee.marchal@outlook.fr,cuisinier,
Benoit,Traore Le Imbert,PARIS 75116,01.29.56.39.82,benoit.traore-le-imbert@gmail.com,agriculteur,14/08/1985
Charles-Gerard,Petit,MARSEILLE 13013,04.19.50.11.79,charles-gerard.petit@yahoo.fr,,
,Guilbert,MARSEILLE 13015,04.15.02.28.12,margot.guilbert@gmail.com,,01/07/1975
Charlotte,Dupont,MARSEILLE 13014,04.21.74.46.52,charlotte.dupont@server.fr,banquier,12/07/1955
Remy,Valentin,,05.85.23.27.89,,,19/03/1967
Christiane,de la Lejeune,,01.27.50.84.58,christiane.de-la-lejeune@server.fr,,
,Alexandre de Rossi,TOULOUSE 31200,05.26.31.69.69,anne.alexandre-de-rossi@gmail.com,,
Luc-Vincent,Godard,,04.99.59.61.20,luc-vincent.godard@yahoo.fr,banquier,
Frederique,Moreno,MARSEILLE 13008,04.10.93.39.11,frederique.moreno@gmail.com,,09/04/2001
Chantal,Payet Le Wagner,LYON 69002,04.18.12.86.30,chantal.payet-le-wagner@server.fr,,05/09/1979
Cecile,Salmon,TOULOUSE 31200,05.89.88.42.94,cecile.salmon@hotmail.fr,,16/10/1975
Guillaume,Robin,LYON 69004,04.58.79.03.46,guillaume.robin@gmail.com,cuisinier,
Daniel,Mendes Le Pineau,NANTES 44200,02.04.68.35.81,daniel.mendes-le-pineau@server.fr,informaticien,03/12/1995
Edith,Blanchard,MARSEILLE 13014,04.42.17.34.30,edith.blanchard@gmail.com,,
Alfred,Charles,PARIS 75010,01.75.50.81.26,alfred.charles@yahoo.fr,technicien,
Maggie,Arnaud,,04.26.43.67.56,maggie.arnaud@hotmail.fr,,29/05/1982
Rene,Caron,MARSEILLE 13005,04.01.45.30.35,rene.caron@outlook.fr,,09/02/1974
,Meunier,LE HAVRE 76620,02.88.89.33.97,marcel.meunier@gmail.com,barman,16/02/2004
Michel-Antoine,Moulin,LYON 69006,04.26.18.04.41,michel-antoine.moulin@hotmail.fr,banquier,
Augustin,Meunier,MARSEILLE 13011,04.67.85.36.85,augustin.meunier@gmail.com,,16/02/2002
Joseph,Navarro,LYON 69006,04.36.37.40.67,joseph.navarro@yahoo.fr,,24/04/1958
Marie,Thibault,ST ETIENNE 42100,04.35.77.75.38,marie.thibault@hotmail.fr,,31/08/1981
Diane,Rousseau de la Martin,VILLEURBANNE 69100,04.81.45.00.15,diane.rousseau-de-la-martin@yahoo.fr,footballeur,26/11/1956
Remy,de Roussel,,01.68.16.66.49,remy.de-roussel@outlook.fr,,
Susan,du Briand,TOULON 83100,04.06.13.43.62,susan.du-briand@server.fr,architecte,
Denise,de Alves,,02.28.40.44.91,denise.de-alves@outlook.fr,,12/09/1963
Oceane,Perrier,TOULOUSE 31000,05.32.07.89.42,,,02/09/1979
Joseph,Laroche,,04.72.60.46.61,joseph.laroche@hotmail.fr,boulanger,04/06/2006
Catherine,Teixeira,TOULON 83100,04.90.34.75.88,catherine.teixeira@gmail.com,,09/02/1959
Eugene,Faivre,PARIS 75007,01.37.70.76.40,eugene.faivre@yahoo.fr,,
,Perrier-Guichard,PARIS 75018,01.80.22.59.36,aime.perrier-guichard@outlook.fr,footballeur,
Bernard,Mallet,,01.89.37.16.37,bernard.mallet@outlook.fr,banquier,
Edith,Poulain,PARIS 75019,01.08.62.78.06,edith.poulain@hotmail.fr,,08/02/1974
Frederic,Julien,SAINT-DENIS 93210,01.51.59.84.93,frederic.julien@hotmail.fr,,
Bernard,Hernandez,MARSEILLE 13007,04.62.45.66.58,bernard.hernandez@server.fr,militaire,24/06/1986
Jean,Meyer,LYON 69005,04.96.42.07.90,jean.meyer@outlook.fr,,11/09/1969
Suzanne,Diaz du Bernier,NANTES 44300,02.85.12.34.83,suzanne.diaz-du-bernier@outlook.fr,,08/11/1957
Therese,Cousin de Aubry,,01.12.76.08.47,therese.cousin-de-aubry@outlook.fr,,18/06/1989
Michele,Clement,SAINT-DENIS 93210,01.92.30.18.31,michele.clement@outlook.fr,enseignant,08/07/1963
Rene,Diallo,NANTES 44200,02.44.84.47.09,rene.diallo@yahoo.fr,informaticien,05/02/1996
Nathalie,du Masson,,01.59.36.58.10,nathalie.du-masson@gmail.com,,14/08/1960
Noel,Becker,STRASBOURG 67200,03.10.63.88.61,noel.becker@hotmail.fr,,06/05/1986
Martin,Fleury,MONTPELLIER 34090,04.39.65.59.59,martin.fleury@hotmail.fr,acteur,06/05/1985
Franck,Mercier,MARSEILLE 13011,04.57.22.78.00,franck.mercier@gmail.com,medecin,04/02/1967
Nathalie,Noel,,04.21.90.53.19,nathalie.noel@outlook.fr,cuisinier,10/05/1989
Adele,Renaud,,04.99.15.92.71,adele.renaud@yahoo.fr,,
Anastasie-Frederique,Vincent,MARSEILLE 13008,04.05.48.15.70,,,
Julien,Moreno,,01.13.54.77.61,julien.moreno@yahoo.fr,,08/07/2003
,Benoit-Pereira,PARIS 75010,01.01.51.44.10,alfred.benoit-pereira@yahoo.fr,comptable,
Catherine,Dupont,MARSEILLE 13006,04.40.10.56.57,catherine.dupont@outlook.fr,chef d'entreprise,
Jeannine,De Oliveira,MARSEILLE 13004,04.79.91.44.41,jeannine.de-oliveira@hotmail.fr,chercheur,
Emile,Jacob,MEYZIEU 69330,04.33.81.99.81,emile.jacob@gmail.com,,
Maurice,Pichon,,01.40.89.93.04,maurice.pichon@gmail.com,journaliste,11/03/1971
,Delahaye,MARSEILLE 13009,04.43.66.23.77,audrey.delahaye@yahoo.fr,,11/07/1974
Paulette,Lacombe,MARSEILLE 13013,04.24.83.08.91,paulette.lacombe@hotmail.fr,footballeur,11/03/1986
Lucas,Vidal de Etienne,,04.83.15.87.72,lucas.vidal-de-etienne@hotmail.fr,,26/04/1961
Gregoire-Raymond,Seguin,PARIS 75016,01.86.72.62.87,gregoire-raymond.seguin@yahoo.fr,,
Vincent,Descamps,,04.42.88.48.10,,,
,Bazin,STRASBOURG 67200,03.33.58.61.39,celina.bazin@gmail.com,chercheur,16/03/1971
Therese,Noel,,04.69.10.27.14,therese.noel@yahoo.fr,,
,Leconte Le Brunel,PARIS 75010,01.71.55.80.24,suzanne.leconte-le-brunel@outlook.fr,architecte,16/09/1994
,Pasquier,CHAMPAGNE-AU-MONT-D'OR 69410,04.24.88.65.94,yves.pasquier@server.fr,avocat,24/07/1960
Alexandrie,Torres,,01.86.98.57.29,alexandrie.torres@yahoo.fr,chef d'entreprise,
Charlotte,Lombard,MARSEILLE 13008,04.87.13.67.44,,,06/01/1957
Lucie,Muller,TOULOUSE 31500,05.46.51.39.47,lucie.muller@hotmail.fr,architecte,
Rene,Pottier,PARIS 75002,01.61.30.78.05,rene.pottier@yahoo.fr,cuisinier,28/10/2005
Rene-Antoine,Renault,ST ETIENNE 42100,04.39.29.77.93,rene-antoine.renault@gmail.com,,
Julie,Louis Le Goncalves,STRASBOURG 67100,03.57.56.78.96,julie.louis-le-goncalves@outlook.fr,,07/07/1973
Marcelle-Alexandria,Turpin,PARIS 75116,01.08.65.60.39,marcelle-alexandria.turpin@gmail.com,,29/01/2000
,Langlois,SAINT-DENIS 93200,01.65.67.46.83,,banquier,30/12/1957
Maggie,Blanc,NICE 06200,04.32.24.64.38,maggie.blanc@outlook.fr,militaire,12/10/1983
,Renault,MARSEILLE 13013,04.94.97.79.89,bertrand.renault@outlook.fr,militaire,05/12/1996
,Leger,STRASBOURG 67000,03.16.39.90.16,constance.leger@yahoo.fr,informaticien,
Noemi,Lenoir,LYON 69004,04.20.62.83.23,noemi.lenoir@outlook.fr,avocat,
Guillaume-Franck,Didier,,01.25.88.74.33,guillaume-franck.didier@outlook.fr,agriculteur,14/11/2005
Agathe,Torres,LYON 69002,04.91.03.33.18,agathe.torres@outlook.fr,informaticien,01/06/1969
Nathalie,Lemaitre,PARIS 75020,01.82.58.20.00,nathalie.lemaitre@outlook.fr,,01/09/1988
,Lemoine,,04.74.18.41.39,francois-alain.lemoine@outlook.fr,cuisinier,
Pierre,Didier,,04.55.87.51.14,pierre.didier@hotmail.fr,chef d'entreprise,02/05/1989
Maryse,Bernier de Lacroix,,01.47.53.95.80,maryse.bernier-de-lacroix@gmail.com,cuisinier,
Monique,Ollivier,ST ETIENNE 42100,04.46.29.56.36,monique.ollivier@outlook.fr,chauffeur,18/10/1955
Michelle,Weiss de Legrand,,04.99.46.55.34,michelle.weiss-de-legrand@gmail.com,banquier,08/06/1989
,du Pons,NANTES 44000,02.25.45.19.42,bernadette.du-pons@yahoo.fr,,
,Louis du Besson,,02.66.93.18.23,juliette.louis-du-besson@server.fr,,08/06/1990
Nathalie-Astrid,Lopes,ST ETIENNE 42100,04.20.11.18.20,nathalie-astrid.lopes@yahoo.fr,,
Alfred,Ramos,MARSEILLE 13006,04.49.52.70.07,alfred.ramos@hotmail.fr,,29/03/1968
,Blondel,NANTES 44100,02.61.89.20.37,,technicien,
Laurent,Allard-Rodriguez,,04.55.99.57.15,laurent.allard-rodriguez@hotmail.fr,medecin,15/03/1959
Valentine,Chevallier,PARIS 75009,01.12.56.89.54,valentine.chevallier@yahoo.fr,,19/06/1986
Caroline,Roussel,NICE 06200,04.33.21.58.32,caroline.roussel@gmail.com,,
Roger,Roy,,04.72.20.13.43,roger.roy@hotmail.fr,,
Marcel,de la Navarro,PARIS 75015,01.83.50.47.01,marcel.de-la-navarro@gmail.com,architecte,17/04/1996
Valerie,Mary de Clerc,PARIS 75002,01.21.55.19.99,valerie.mary-de-clerc@gmail.com,chef d'entreprise,
Josette,Allain,,04.27.43.46.44,josette.allain@hotmail.fr,,04/08/2002
,Besson,LYON 69009,04.35.22.45.73,noemi.besson@outlook.fr,,03/05/1984
Franck,Daniel,DECINES-CHARPIEU 69150,04.21.51.98.79,franck.daniel@hotmail.fr,barman,
Juliette,Meyer,,04.78.01.62.57,juliette.meyer@outlook.fr,,26/04/1970
,Dupont,,02.65.61.98.98,maryse.dupont@server.fr,,03/12/1969
Noemi,Techer-Potier,,05.58.18.78.52,noemi.techer-potier@gmail.com,technicien,13/08/1958
Lorraine,Allain,ST ETIENNE 42100,04.42.74.98.62,lorraine.allain@hotmail.fr,,17/07/1954
Josephine,Vallet,GRENOBLE 38000,04.66.62.48.21,josephine.vallet@server.fr,ouvrier,
Zacharie,Camus,MARSEILLE 13016,04.03.88.33.14,zacharie.camus@hotmail.fr,informaticien,
Bertrand,Chauvin de la Valette,,03.51.53.30.35,,chef d'entreprise,17/09/1975
Noel,Baudry,MARSEILLE 13016,04.83.46.21.95,noel.baudry@gmail.com,footballeur,
,Le Joly,,05.79.36.01.90,yves.le-joly@yahoo.fr,,
,Lebreton,LILLE 59260,03.62.29.08.41,olivier.lebreton@outlook.fr,technicien,
,Laine du Delannoy,SAINT-DENIS 93200,01.31.64.22.49,lorraine.laine-du-delannoy@outlook.fr,technicien,18/12/2003
Stephanie,Tanguy,,03.88.47.15.25,stephanie.tanguy@gmail.com,,
Brigitte,Guillet,BORDEAUX 33000,05.97.68.42.82,brigitte.guillet@yahoo.fr,,16/07/2004
Madeleine,Le Durand,,02.41.40.57.02,madeleine.le-durand@gmail.com,boulanger,02/06/1997
Pauline,Lucas,,05.82.69.33.28,pauline.lucas@hotmail.fr,agriculteur,15/05/1967
Remy,Fontaine,,05.69.03.36.23,,informaticien,25/02/1968
Honore,Vincent de Bertrand,LE HAVRE 76600,02.23.25.39.68,honore.vincent-de-bertrand@gmail.com,barman,31/12/1963
Benoit-Emmanuel,Pineau,NANTES 44100,02.28.51.10.68,benoit-emmanuel.pineau@gmail.com,,09/07/1965
Genevieve,Fouquet,AIX-EN-PROVENCE 13080,04.67.95.80.43,,medecin,01/03/1975
Claire,Lefort,,04.95.89.47.66,claire.lefort@hotmail.fr,barman,20/02/1969
,Texier,LE HAVRE 76610,02.50.31.43.96,jacqueline.texier@gmail.com,enseignant,25/12/1986
Diane-Danielle,Grondin,PARIS 75009,01.23.69.36.15,diane-danielle.grondin@outlook.fr,enseignant,
Theophile,Fischer,,04.44.25.45.77,theophile.fischer@gmail.com,,18/07/1956
Gregoire,Marty,PARIS 75018,01.78.79.47.16,gregoire.marty@hotmail.fr,cuisinier,
Sylvie,Marty,NICE 06000,04.77.52.11.96,sylvie.marty@hotmail.fr,chef d'entreprise,25/06/2000
,Germain,GRENOBLE 38100,04.04.97.22.85,zoe.germain@yahoo.fr,acteur,12/12/1996
Thibaut,Sauvage de la Aubert,SAINT-DENIS 93210,01.19.42.02.56,thibaut.sauvage-de-la-aubert@outlook.fr,,21/12/1956
Henri,de la Bruneau,,01.37.63.98.90,henri.de-la-bruneau@server.fr,,13/07/1998
Nathalie,Perrin,,05.62.96.87.29,,agriculteur,23/02/1969
Philippine,Guichard de la De Oliveira,PARIS 75010,01.96.51.56.10,philippine.guichard-de-la-de-oliveira@gmail.com,comptable,25/09/1982
Antoine,Neveu,PARIS 75020,01.49.63.78.10,antoine.neveu@yahoo.fr,avocat,02/07/2005
Luc,Le Ferreira,MARSEILLE 13009,04.79.50.93.39,luc.le-ferreira@gmail.com,,27/07/2001
Gerard,Raymond,,03.44.62.64.37,gerard.raymond@gmail.com,chercheur,
Rene,Leduc,,02.79.01.86.07,rene.leduc@gmail.com,chef d'entreprise,
Marcel-Gilles,Martin,PARIS 75014,01.49.97.50.83,marcel-gilles.martin@hotmail.fr,,
,de Merle,,05.83.77.20.04,,agriculteur,
Patrick,Devaux,MONTPELLIER 34070,04.17.27.83.30,patrick.devaux@gmail.com,chef d'entreprise,
Hugues,Le Roux,MARSEILLE 13013,04.11.85.36.39,hugues.le-roux@hotmail.fr,boulanger,15/06/1993
Vincent,Robin,,05.76.34.72.16,vincent.robin@hotmail.fr,,23/06/1965
Antoine-Martin,Moreau,MARSEILLE 13009,04.58.69.93.28,,,
Jeanne,Clement-Peltier,GRENOBLE 38000,04.41.30.11.91,jeanne.clement-peltier@gmail.com,journaliste,15/12/1986
Marguerite,Martel,,04.40.78.15.87,marguerite.martel@outlook.fr,chercheur,16/07/1967
Edouard,de Maillot,,02.35.16.16.68,,ouvrier,24/06/1970
Edith,Riou,SAINT-DENIS 93200,01.65.29.41.63,edith.riou@outlook.fr,banquier,
Christiane,Guyot-Laurent,,04.76.31.22.25,christiane.guyot-laurent@hotmail.fr,,
Emile-Thierry,Lenoir,PARIS 75116,01.33.49.55.18,emile-thierry.lenoir@gmail.com,militaire,
,Delaunay,,04.20.09.63.07,madeleine.delaunay@yahoo.fr,technicien,
Bertrand,Barbe de Blanchet,PARIS 75008,01.57.81.23.29,bertrand.barbe-de-blanchet@server.fr,,
Martin,Poulain de la Marques,TOULOUSE 31200,05.31.25.91.29,martin.poulain-de-la-marques@server.fr,,11/04/2002
Charlotte,Barre,PARIS 75015,01.87.40.72.59,charlotte.barre@outlook.fr,enseignant,09/12/1999
Emile,Guerin,STRASBOURG 67200,03.91.03.05.73,emile.guerin@outlook.fr,,10/04/1956
,Jacquot-Sanchez,MARSEILLE 13002,04.31.53.00.24,olivie.jacquot-sanchez@server.fr,,
Bernard,Petitjean,PARIS 75015,01.28.51.90.69,bernard.petitjean@gmail.com,medecin,
,Muller,NICE 06100,04.80.01.46.38,laure.muller@gmail.com,cuisinier,
Patricia,Verdier,PARIS 75016,01.97.40.34.46,patricia.verdier@gmail.com,barman,12/11/1958
,Gerard,,04.75.00.34.37,mathilde.gerard@outlook.fr,chercheur,26/09/1988
Paulette-Anais,Grondin,MARSEILLE 13013,04.26.92.81.61,paulette-anais.grondin@gmail.com,,06/02/1994
Thomas,Adam,STRASBOURG 67100,03.39.74.87.75,thomas.adam@yahoo.fr,,14/01/1965
Alfred,Peron,,01.33.97.96.18,alfred.peron@yahoo.fr,,
,Faivre,,04.15.34.46.99,claudine.faivre@hotmail.fr,,
Frederique,Vincent,BORDEAUX 33200,05.00.63.71.11,frederique.vincent@gmail.com,journaliste,29/10/1969
Martine,de Chevalier,BORDEAUX 33000,05.08.40.28.82,martine.de-chevalier@server.fr,comptable,
Dorothee,Pottier,,01.18.22.68.52,dorothee.pottier@gmail.com,cuisinier,26/05/1989
Thomas,de la Humbert,,04.00.38.89.67,thomas.de-la-humbert@yahoo.fr,technicien,28/06/2005
Virginie,Voisin,,01.93.85.75.11,virginie.voisin@server.fr,,15/07/1984
,Gomez-Thierry,PARIS 75008,01.20.63.21.60,jean.gomez-thierry@outlook.fr,,15/11/1987
Noemi,Moreau,MONTPELLIER 34080,04.32.25.25.21,noemi.moreau@yahoo.fr,,07/03/1985
,du Renault,,04.53.99.82.52,pauline.du-renault@outlook.fr,,10/07/1989
Capucine-Lucy,Meunier,,03.78.63.14.85,capucine-lucy.meunier@outlook.fr,acteur,
Veronique,Bodin,,01.91.89.60.92,veronique.bodin@outlook.fr,,29/07/1958
Victoire,Colas,,04.90.94.36.72,victoire.colas@gmail.com,barman,09/02/1955
Leon,Langlois,PARIS 75011,01.56.37.42.41,leon.langlois@yahoo.fr,,
Philippe,Le Ollivier,,04.41.68.84.95,,,
,Pascal,NICE 06200,04.03.28.61.78,bernard.pascal@gmail.com,,17/10/1974
,Lagarde,MONTPELLIER 34080,04.58.25.38.98,charles.lagarde@outlook.fr,technicien,22/01/1993
Michele,Valentin de la Weber,MARSEILLE 13008,04.51.11.29.08,michele.valentin-de-la-weber@hotmail.fr,technicien,21/10/1987
Oceane,Bruneau,MARSEILLE 13005,04.87.09.56.48,oceane.bruneau@outlook.fr,militaire,
Mathilde,Lelievre,PARIS 75012,01.93.17.61.28,mathilde.lelievre@hotmail.fr,,23/06/1976
Tristan,Cordier,,01.25.31.08.35,tristan.cordier@hotmail.fr,chef d'entreprise,25/06/1990
Julien,Petitjean,,01.87.31.32.22,julien.petitjean@outlook.fr,ouvrier,27/05/1998
Emile,Vallet,STRASBOURG 67200,03.09.53.17.98,emile.vallet@hotmail.fr,,19/06/1969
,Diaz,MARSEILLE 13004,04.36.05.95.55,edouard.diaz@hotmail.fr,acteur,25/03/1972
Sabine,Munoz de Lopes,LYON 69006,04.74.24.81.57,sabine.munoz-de-lopes@hotmail.fr,comptable,
William,Wagner,,03.93.39.02.41,william.wagner@server.fr,,11/09/1967
Thierry,Ledoux,LYON 69006,04.27.13.79.59,thierry.ledoux@hotmail.fr,,07/11/2000
Lorraine,Lenoir,LYON 69008,04.14.09.38.20,lorraine.lenoir@hotmail.fr,,21/07/1972
Alex,Brun,NICE 06200,04.89.06.05.74,alex.brun@outlook.fr,,
,Morel,TOULOUSE 31000,05.40.71.10.65,arthur.morel@hotmail.fr,,
Celina,Dos Santos,MARSEILLE 13011,04.54.51.43.61,celina.dos-santos@gmail.com,journaliste,
Nicole,Salmon-Jacquot,PARIS 75116,01.03.89.16.08,nicole.salmon-jacquot@hotmail.fr,comptable,10/11/1983
Isabelle-Ines,Fleury,ST ETIENNE 42100,04.12.48.06.23,,,26/10/1993
,Marie Le Maurice,LILLE 59000,03.36.85.86.04,,militaire,25/10/1998
Patrick,Gerard,,04.27.97.91.20,patrick.gerard@yahoo.fr,informaticien,27/02/1967
Guillaume,Weiss,LYON 69003,04.45.91.91.70,guillaume.weiss@yahoo.fr,journaliste,
Aurore,Ramos,MARSEILLE 13006,04.04.09.56.77,aurore.ramos@hotmail.fr,agriculteur,29/04/1958
Joseph-David,Jacquot,STRASBOURG 67200,03.04.26.23.84,joseph-david.jacquot@outlook.fr,,27/07/1977
Paul-Eugene,Morin,,04.62.80.98.86,paul-eugene.morin@outlook.fr,,30/06/1991
Louis,Le Chevallier,,01.22.87.73.43,louis.le-chevallier@outlook.fr,cuisinier,28/06/1986
Audrey-Claudine,Pottier,LYON 69009,04.48.56.34.56,audrey-claudine.pottier@yahoo.fr,ouvrier,22/12/1977
Odette,Bourdon-Lemaire,PARIS 75018,01.80.40.18.97,odette.bourdon-lemaire@gmail.com,medecin,17/03/1960
Hugues,Dias,,01.61.12.46.54,hugues.dias@server.fr,informaticien,13/04/1984
Michelle,du Baron,PARIS 75007,01.51.49.51.30,michelle.du-baron@outlook.fr,avocat,
,de Arnaud,STRASBOURG 67200,03.54.42.88.06,nicolas.de-arnaud@yahoo.fr,militaire,20/04/1995
,Petitjean,PARIS 75001,01.58.95.29.37,thierry.petitjean@hotmail.fr,footballeur,
,Maillot,LYON 69003,04.44.51.92.03,andre.maillot@outlook.fr,footballeur,09/07/2004
,Berthelot,ST ETIENNE 42100,04.66.85.04.07,julien-yves.berthelot@yahoo.fr,technicien,15/08/1979
Alice,Le Becker,,04.61.88.22.48,alice.le-becker@hotmail.fr,agriculteur,
Alexandrie-Constance,Gillet,MARSEILLE 13008,04.50.15.63.01,alexandrie-constance.gillet@outlook.fr,militaire,16/05/1970
Luce,Moreno,MARSEILLE 13015,04.62.50.50.30,luce.moreno@hotmail.fr,,25/04/2001
,de la Voisin,,01.56.31.90.82,franck.de-la-voisin@server.fr,chef d'entreprise,
Andre,Hubert,,01.42.38.05.89,andre.hubert@yahoo.fr,cuisinier,15/10/2000
,Boucher,,04.40.67.27.21,antoine.boucher@server.fr,,07/04/1961
Clemence,Herve,,05.88.47.03.59,clemence.herve@outlook.fr,,
Suzanne,Meunier,MARSEILLE 13009,04.78.07.36.31,suzanne.meunier@server.fr,medecin,
Michelle,Le Lopez,MARSEILLE 13007,04.77.23.82.95,michelle.le-lopez@yahoo.fr,,
Auguste-Jerome,Lelievre,LILLE 59160,03.91.00.57.73,auguste-jerome.lelievre@gmail.com,avocat,26/02/1997
Anastasie,Bigot,,01.14.71.71.18,anastasie.bigot@yahoo.fr,,
,Loiseau,,01.90.99.72.25,alix.loiseau@server.fr,chef d'entreprise,09/11/1978
Paul,Jourdan,STRASBOURG 67100,03.94.43.31.04,paul.jourdan@yahoo.fr,,02/12/2002
Claude,Vallee,LE HAVRE 76620,02.76.70.42.96,claude.vallee@gmail.com,architecte,02/10/1995
,Mahe,MARSEILLE 13015,04.45.74.99.36,guy.mahe@gmail.com,cuisinier,06/08/1999
,Dupont,BORDEAUX 33300,05.65.19.94.59,,,
Dorothee,Moreno-Briand,,04.16.64.56.70,dorothee.moreno-briand@hotmail.fr,comptable,
Veronique,Regnier-Navarro,PARIS 75018,01.81.33.89.08,veronique.regnier-navarro@yahoo.fr,cuisinier,
Laurence,de la Alves,NICE 06200,04.89.35.39.79,laurence.de-la-alves@outlook.fr,,28/09/1994
Remy,Besnard de la Delorme,LILLE 59000,03.22.82.99.89,remy.besnard-de-la-delorme@server.fr,chef d'entreprise,05/08/1966
Marcel,Gillet,PARIS 75009,01.11.69.10.60,marcel.gillet@gmail.com,comptable,
Nicole-Agathe,Blanchet,LE HAVRE 76610,02.46.59.43.70,nicole-agathe.blanchet@yahoo.fr,chauffeur,
Andre,de Daniel,,01.55.39.06.12,andre.de-daniel@server.fr,medecin,17/12/1967
Elise,Paul,MARSEILLE 13001,04.43.08.99.37,elise.paul@yahoo.fr,,09/09/2001
Claire,Carlier Le Peron,LILLE 59000,03.44.51.70.98,claire.carlier-le-peron@server.fr,,15/01/2003
Hortense,Pineau,PARIS 75014,01.29.61.03.18,hortense.pineau@hotmail.fr,avocat,
Daniel,Berthelot,MARSEILLE 13004,04.94.76.30.71,,boulanger,
Gabriel,Gomez,PARIS 75002,01.32.55.94.04,gabriel.gomez@hotmail.fr,medecin,28/06/1990
Marcel,Merle,PARIS 75016,01.80.83.27.20,marcel.merle@server.fr,,28/06/1978
Robert,Marie,LYON 69001,04.98.51.76.89,robert.marie@gmail.com,,29/12/2004
,Masson,TOULON 83000,04.59.58.11.57,jules-bertrand.masson@gmail.com,,04/01/1968
Maurice,Carre-Lenoir,NANTES 44200,02.73.35.98.14,maurice.carre-lenoir@gmail.com,,17/12/1977
Julie,Turpin,PARIS 75004,01.96.25.04.22,julie.turpin@gmail.com,boulanger,18/09/1991
,Chauveau,LYON 69007,04.63.86.67.46,bertrand-remy.chauveau@gmail.com,,30/10/1956
,Teixeira du Gay,NICE 06200,04.25.86.61.84,emile.teixeira-du-gay@hotmail.fr,cuisinier,13/04/1994
,Francois,LYON 69001,04.78.23.48.86,jerome.francois@outlook.fr,acteur,
Hortense,David de Rolland,MARSEILLE 13003,04.34.45.10.61,hortense.david-de-rolland@server.fr,boulanger,27/03/1974
,David,,03.20.39.73.20,julien.david@gmail.com,militaire,23/08/2001
Olivier,Le Munoz,NICE 06200,04.35.50.86.42,olivier.le-munoz@hotmail.fr,footballeur,11/05/1993
Emmanuel,Thibault,NICE 06000,04.00.94.48.46,emmanuel.thibault@hotmail.fr,agriculteur,24/11/1954
Louis,Pasquier-Garcia,,04.99.67.67.11,louis.pasquier-garcia@yahoo.fr,,
Antoine,Andre-Gerard,MONTPELLIER 34070,04.28.86.50.02,antoine.andre-gerard@gmail.com,,13/10/1963
Renee,Lebrun-Diaz,,04.09.95.75.02,renee.lebrun-diaz@hotmail.fr,chef d'entreprise,
Margot,Clement,PARIS 75020,01.39.14.10.34,margot.clement@yahoo.fr,enseignant,25/03/1956
Luc-Henri,Paul,PARIS 75013,01.10.11.48.37,luc-henri.paul@yahoo.fr,militaire,28/08/1979
,Marion,PARIS 75013,01.73.35.29.24,luc.marion@hotmail.fr,medecin,31/08/1981
Josette-Suzanne,Laroche,PARIS 75012,01.93.49.98.86,josette-suzanne.laroche@yahoo.fr,comptable,22/09/1970
Georges,Bousquet-Bouchet,TOULON 83000,04.69.18.47.23,georges.bousquet-bouchet@yahoo.fr,,04/07/1988
Simone,de la Guillet,PARIS 75013,01.32.52.57.03,simone.de-la-guillet@hotmail.fr,,
Augustin,Raymond,NICE 06000,04.95.29.46.73,augustin.raymond@gmail.com,,01/12/1974
,du Lefevre,,05.79.47.68.46,gabriel.du-lefevre@yahoo.fr,,12/10/1987
Diane,Dumas,MARSEILLE 13016,04.51.22.62.03,diane.dumas@yahoo.fr,avocat,08/11/1959
Anais,Foucher-Carlier,LYON 69004,04.12.60.02.33,anais.foucher-carlier@gmail.com,,22/07/1992
,Briand,,01.58.60.71.84,thibaut.briand@yahoo.fr,chef d'entreprise,08/07/1979
Danielle,Carlier-Mahe,TOULON 83000,04.69.63.43.06,danielle.carlier-mahe@hotmail.fr,footballeur,09/01/1972
Theophile,de la Clement,BRON 69500,04.80.33.16.49,theophile.de-la-clement@hotmail.fr,,31/05/1984
,Lefevre-Pasquier,ST ETIENNE 42100,04.85.88.21.26,louis.lefevre-pasquier@outlook.fr,informaticien,
Gregoire,Besnard,NANTES 44100,02.64.08.37.41,gregoire.besnard@hotmail.fr,,
Eric,Marie,PARIS 75015,01.05.38.95.21,eric.marie@hotmail.fr,architecte,
,Marques,PARIS 75020,01.42.96.05.89,anastasie.marques@outlook.fr,architecte,14/08/1992
Sebastien,Goncalves-Masse,TOULON 83000,04.21.61.57.07,sebastien.goncalves-masse@yahoo.fr,acteur,25/07/1987
Nicolas,Garnier,MARSEILLE 13016,04.37.10.05.78,,,28/06/1989
Veronique,Foucher,,04.73.91.53.86,veronique.foucher@server.fr,footballeur,17/12/1957
Frederic,Leroy-Lemaitre,,04.26.64.78.26,frederic.leroy-lemaitre@outlook.fr,agriculteur,20/02/2001
Roland,Sanchez-Wagner,PARIS 75007,01.46.39.11.83,roland.sanchez-wagner@outlook.fr,,06/08/1978
Guillaume,Le Bouvet,BORDEAUX 33000,05.85.49.46.51,guillaume.le-bouvet@gmail.com,chef d'entreprise,
Alain,Couturier,BORDEAUX 33300,05.25.67.95.51,alain.couturier@gmail.com,,22/08/1963
Gilles,Moulin,MARSEILLE 13013,04.23.43.10.04,gilles.moulin@server.fr,banquier,16/03/1989
Julie-Nathalie,Marques,PARIS 75011,01.44.23.55.10,julie-nathalie.marques@gmail.com,,01/04/1988
Genevieve,Benard,,03.27.13.48.54,genevieve.benard@gmail.com,,27/03/1958
Marianne,Pelletier,,05.49.47.22.45,marianne.pelletier@gmail.com,comptable,05/05/1993
Nathalie,Duval de la Ledoux,MARSEILLE 13009,04.07.58.67.91,nathalie.duval-de-la-ledoux@gmail.com,acteur,28/03/2004
Elodie,Blanc,BORDEAUX 33100,05.64.44.58.14,elodie.blanc@yahoo.fr,enseignant,23/08/1994
,de la Fontaine,LYON 69001,04.43.97.06.33,francoise.de-la-fontaine@hotmail.fr,,06/10/1959
Anouk,Lelievre-Guyot,MARSEILLE 13002,04.03.13.52.28,anouk.lelievre-guyot@yahoo.fr,,14/03/1966
,Humbert,LYON 69006,04.57.77.17.05,benoit.humbert@server.fr,banquier,27/01/1973
Xavier,de la Lemaire,MONTPELLIER 34000,04.27.07.53.39,xavier.de-la-lemaire@yahoo.fr,,
,Guibert,,01.24.29.59.02,,,19/03/1990
,Simon,BORDEAUX 33100,05.66.39.96.35,susanne-caroline.simon@gmail.com,chercheur,29/06/2006
Amelie,Michaud,TOULOUSE 31100,05.93.12.47.19,amelie.michaud@hotmail.fr,agriculteur,
Charles,Pierre de la Peltier,,04.49.11.20.69,charles.pierre-de-la-peltier@gmail.com,chef d'entreprise,
Alix,Klein,MARSEILLE 13012,04.95.83.40.12,alix.klein@hotmail.fr,,27/09/1989
Laure,Lamy-Maillet,,01.33.95.27.32,laure.lamy-maillet@yahoo.fr,ouvrier,19/03/1990
Eugene,Moulin,NICE 06200,04.37.53.33.39,eugene.moulin@yahoo.fr,avocat,
,Moreno de Martinez,PARIS 75009,01.02.08.30.51,georges.moreno-de-martinez@gmail.com,agriculteur,
Bertrand,Mary,,02.91.09.88.74,bertrand.mary@outlook.fr,,15/01/1986
Auguste,Renard,PARIS 75018,01.00.55.70.47,auguste.renard@outlook.fr,,22/06/1965
Alexandria,Martins,NANTES 44200,02.55.57.55.23,alexandria.martins@outlook.fr,,04/05/1979
Anouk,Launay,RENNES 35000,02.60.65.56.14,anouk.launay@server.fr,,
Michelle,Pascal-Diallo,LYON 69001,04.15.75.41.16,michelle.pascal-diallo@hotmail.fr,,
Robert,Faivre,,04.38.17.71.57,robert.faivre@outlook.fr,,14/05/1997
Daniel,Ferreira,PARIS 75015,01.69.77.40.15,daniel.ferreira@yahoo.fr,,13/05/1972
Edouard,Chevalier,LE HAVRE 76610,02.13.97.77.00,edouard.chevalier@outlook.fr,,
Dorothee,Richard,MARSEILLE 13008,04.24.93.71.86,dorothee.richard@hotmail.fr,,
Josette,Moreau,PARIS 75018,01.75.75.76.66,josette.moreau@server.fr,,13/04/1965
Christine,de la Blot,STRASBOURG 67200,03.74.17.58.68,christine.de-la-blot@gmail.com,chauffeur,17/02/1989
Xavier,Guichard,PARIS 75006,01.41.53.26.74,xavier.guichard@server.fr,boulanger,
Suzanne,Michaud de Bertin,,01.54.66.34.59,suzanne.michaud-de-bertin@hotmail.fr,ouvrier,15/09/1961
Christiane,Couturier,BORDEAUX 33000,05.07.66.84.46,christiane.couturier@hotmail.fr,chercheur,
,Mace-Lemonnier,,05.11.73.43.64,aimee.mace-lemonnier@yahoo.fr,,27/07/1999
Josette,Gaudin,,04.58.29.47.91,josette.gaudin@outlook.fr,,17/07/1956
Louis,Picard,,04.65.33.09.66,louis.picard@outlook.fr,,08/05/1989
Christine,Brun,,01.71.02.80.06,christine.brun@gmail.com,chef d'entreprise,16/05/1967
Robert,Berthelot,,01.99.51.39.64,robert.berthelot@outlook.fr,militaire,10/09/1977
Marc,Paul,,04.01.89.94.04,marc.paul@yahoo.fr,,
Celine,Faure de Lemaire,STRASBOURG 67200,03.20.53.54.69,celine.faure-de-lemaire@hotmail.fr,journaliste,08/05/1965
Theodore,Louis,AIX-EN-PROVENCE 13090,04.96.46.78.06,,,
Alexandria,Faure,,04.24.19.53.02,alexandria.faure@yahoo.fr,,23/04/1961
Auguste,Weber,,01.11.34.33.87,auguste.weber@yahoo.fr,ouvrier,30/06/1965
Yves,Le Mendes,PARIS 75012,01.50.72.43.86,yves.le-mendes@outlook.fr,chef d'entreprise,23/10/1989
Josette,Legendre,,04.04.51.35.18,,,30/05/1978
Louis,Riou,,01.37.27.33.75,louis.riou@server.fr,avocat,
Margaux,Descamps,,01.57.88.76.37,,chef d'entreprise,
David-Roland,Lambert,,01.85.86.85.30,david-roland.lambert@outlook.fr,technicien,29/11/1993
Renee,Giraud-Sauvage,,03.37.74.01.72,renee.giraud-sauvage@gmail.com,,
Julie,Rey-Hardy,SAINT-DENIS 93210,01.57.02.60.59,julie.rey-hardy@hotmail.fr,acteur,06/02/1957
Timothee,Couturier,VILLEURBANNE 69100,04.48.11.23.56,timothee.couturier@yahoo.fr,avocat,06/03/1968
Raymond,Maillard,LYON 69003,04.00.38.63.47,raymond.maillard@yahoo.fr,,23/09/1979
Margaux,Navarro,,04.65.76.33.83,margaux.navarro@gmail.com,chef d'entreprise,20/01/1994
,Benard-Raynaud,,01.59.53.90.53,michel.benard-raynaud@gmail.com,,08/09/1955
Dorothee,Bonnet,STRASBOURG 67200,03.27.42.30.70,dorothee.bonnet@server.fr,informaticien,
,Fournier,MARSEILLE 13001,04.87.70.27.33,,,19/05/1990
Audrey,Launay,LYON 69002,04.57.03.58.38,audrey.launay@yahoo.fr,,
Frederic-Adrien,Baudry,PARIS 75009,01.57.32.48.61,frederic-adrien.baudry@gmail.com,chercheur,06/06/1977
Philippine,Allain,MARSEILLE 13013,04.77.42.95.01,,,30/04/2000
,Vaillant du Dupuy,LYON 69001,04.55.63.43.31,,militaire,08/05/1992
,Sanchez,NANTES 44100,02.82.53.48.16,alain.sanchez@gmail.com,informaticien,
Thibaut,Cousin,GRENOBLE 38100,04.70.50.87.43,thibaut.cousin@hotmail.fr,,09/09/1971
Lucas,Menard,TOULON 83100,04.26.07.00.46,lucas.menard@outlook.fr,journaliste,25/08/1965
Aime,Toussaint-Lenoir,MARSEILLE 13013,04.25.31.87.62,aime.toussaint-lenoir@hotmail.fr,cuisinier,29/12/1986
Roland,Launay-Gerard,SAINT-PRIEST 69800,04.13.83.29.23,roland.launay-gerard@outlook.fr,,12/04/1960
Lucas,Arnaud,,03.02.25.56.48,lucas.arnaud@hotmail.fr,acteur,12/03/1985
Philippe,Guillou de la Gautier,,01.96.09.45.11,philippe.guillou-de-la-gautier@outlook.fr,avocat,31/12/1967
Adele,Delmas Le Poulain,,02.62.73.80.93,adele.delmas-le-poulain@yahoo.fr,,
Andree,Gomez,TOULON 83000,04.83.35.40.54,andree.gomez@server.fr,,07/10/2005
Guillaume,Martel Le Hardy,MARSEILLE 13014,04.31.53.51.07,guillaume.martel-le-hardy@hotmail.fr,boulanger,
Danielle,Salmon,MARSEILLE 13007,04.84.37.73.98,danielle.salmon@yahoo.fr,militaire,
,Blin,PARIS 75011,01.79.48.18.66,guillaume.blin@yahoo.fr,chercheur,
Valentine,Bodin,LYON 69004,04.36.95.80.15,valentine.bodin@gmail.com,chauffeur,
Emile,Pierre,,05.25.96.19.37,emile.pierre@yahoo.fr,,
Patricia,Mercier,PARIS 75004,01.71.76.69.18,patricia.mercier@hotmail.fr,,
Charlotte,Vasseur de la Leclerc,ST ETIENNE 42100,04.26.18.96.25,charlotte.vasseur-de-la-leclerc@outlook.fr,informaticien,01/02/1973
Colette,Leclercq,LE HAVRE 76600,02.19.37.16.44,colette.leclercq@yahoo.fr,comptable,24/08/1978
Philippe,Diaz,MARSEILLE 13003,04.37.73.42.04,philippe.diaz@gmail.com,,28/08/1991
Pierre,Roussel,MARSEILLE 13003,04.13.62.09.07,pierre.roussel@gmail.com,boulanger,
Nath,Roger-Lecomte,PARIS 75014,01.97.30.72.72,nath.roger-lecomte@server.fr,,09/02/1989
Brigitte,Joubert,PARIS 75006,01.69.45.95.22,brigitte.joubert@outlook.fr,,26/08/2005
Pauline,Fischer,PARIS 75004,01.36.55.70.18,,,18/11/1967
Monique,Nguyen,,02.43.95.78.17,monique.nguyen@gmail.com,ouvrier,10/04/1977
Philippine-Charlotte,Mallet,MARSEILLE 13007,04.83.82.55.46,philippine-charlotte.mallet@gmail.com,,
,Ollivier,MARSEILLE 13006,04.18.92.78.72,michelle.ollivier@gmail.com,,
Anne,Dumas-Charpentier,MONTPELLIER 34070,04.01.05.87.76,anne.dumas-charpentier@hotmail.fr,,13/02/1990
Margaret-Brigitte,Marin,MARSEILLE 13012,04.92.71.03.48,margaret-brigitte.marin@gmail.com,,
Daniel,Buisson,PARIS 75020,01.10.15.23.35,daniel.buisson@server.fr,,23/07/1977
Alain,Besnard,,01.42.34.72.65,alain.besnard@outlook.fr,acteur,
,Durand-Berthelot,,04.76.08.32.27,gerard.durand-berthelot@outlook.fr,,
,du Valentin,MARSEILLE 13009,04.01.67.18.96,gilles.du-valentin@hotmail.fr,chauffeur,18/07/1978
Camille,Lamy,LYON 69002,04.16.67.85.24,camille.lamy@gmail.com,,
Eric,Berthelot Le Blondel,NICE 06200,04.47.80.53.08,eric.berthelot-le-blondel@hotmail.fr,,
Caroline,Martinez de Leroux,TOULOUSE 31100,05.32.93.21.73,caroline.martinez-de-leroux@yahoo.fr,,14/12/1964
Nicolas,de Jean,,03.46.65.80.98,nicolas.de-jean@server.fr,architecte,17/10/1991
,Antoine,,04.17.78.77.11,christiane.antoine@hotmail.fr,architecte,
Gilles,Robert,,04.72.33.07.91,gilles.robert@gmail.com,informaticien,
,Texier,GRENOBLE 38000,04.19.17.23.94,charlotte.texier@yahoo.fr,,03/05/1985
Theophile,Vallet,,01.35.96.24.06,,architecte,07/02/1976
Yves,Fischer de Blondel,,04.57.15.51.26,yves.fischer-de-blondel@outlook.fr,,
,Lacombe,PARIS 75002,01.99.96.59.73,thibaut.lacombe@yahoo.fr,,01/02/1968
Victoire,Le Courtois,,01.25.42.90.47,victoire.le-courtois@gmail.com,,30/05/1993
Hugues,Morin,MARSEILLE 13014,04.03.74.46.35,hugues.morin@server.fr,,20/04/1977
Marthe-Helene,Pruvost,SAINT-DENIS 93200,01.96.35.60.61,marthe-helene.pruvost@hotmail.fr,boulanger,
,du Joubert,NANTES 44000,02.74.22.97.00,bertrand.du-joubert@hotmail.fr,architecte,
,Weber,,04.01.83.74.26,philippe.weber@outlook.fr,,
Gabrielle,du Meyer,MARSEILLE 13013,04.88.38.15.82,gabrielle.du-meyer@server.fr,architecte,
Elise-Anne,Fouquet,LYON 69002,04.24.68.31.34,elise-anne.fouquet@gmail.com,,25/03/1956
Valentine,Bonneau-Duval,LYON 69002,04.16.84.96.13,valentine.bonneau-duval@server.fr,chauffeur,27/06/1966
Jeanne,du Schneider,MONTPELLIER 34000,04.85.88.66.12,jeanne.du-schneider@hotmail.fr,agriculteur,27/07/1958
Christiane-Sabine,Jacques,MARSEILLE 13008,04.68.03.23.96,christiane-sabine.jacques@hotmail.fr,,
Benoit,Richard,,04.30.44.79.65,benoit.richard@hotmail.fr,chauffeur,17/01/1957
Henri,Deschamps du Jacquot,VILLEURBANNE 69100,04.99.74.47.85,henri.deschamps-du-jacquot@outlook.fr,,16/03/1981
,Lelievre,TOULOUSE 31300,05.21.25.63.04,christiane.lelievre@yahoo.fr,,
Raymond-Thomas,Bertin,NANTES 44000,02.80.88.34.20,raymond-thomas.bertin@hotmail.fr,,19/04/1959
,Descamps,MARSEILLE 13009,04.85.15.79.65,susanne.descamps@hotmail.fr,chef d'entreprise,02/09/2004
Nicolas,Hamon,ST ETIENNE 42100,04.11.64.27.39,nicolas.hamon@gmail.com,medecin,04/08/1988
Aurore,Brunel,LYON 69001,04.43.92.61.13,aurore.brunel@gmail.com,journaliste,19/03/1987
Eugene,du Aubry,,04.52.62.78.62,eugene.du-aubry@yahoo.fr,chercheur,14/06/1988
Noel,Martin,GRENOBLE 38000,04.15.20.51.65,noel.martin@gmail.com,,
Thibaut,Cousin,,04.00.99.57.85,thibaut.cousin@outlook.fr,,22/01/1997
Dorothee,Lesage,,01.13.32.37.10,dorothee.lesage@hotmail.fr,,26/06/1961
Odette,Brun,,04.22.50.23.73,odette.brun@gmail.com,medecin,
Emilie,Lelievre-Germain,BORDEAUX 33000,05.59.86.56.53,emilie.lelievre-germain@gmail.com,agriculteur,23/09/2004
Claude,Begue,,01.76.91.77.91,claude.begue@gmail.com,,07/06/1996
Theophile,Gomes,,01.04.78.46.78,theophile.gomes@hotmail.fr,chef d'entreprise,
Benjamin,Fouquet,MARSEILLE 13016,04.07.87.87.34,benjamin.fouquet@outlook.fr,,31/12/1986
,Legendre,,01.76.30.94.39,hortense.legendre@gmail.com,avocat,21/04/1996
Augustin,Ribeiro,MARSEILLE 13008,04.19.01.11.17,augustin.ribeiro@server.fr,chef d'entreprise,21/05/1990
Marcelle,Brunet,MARSEILLE 13016,04.16.19.04.09,marcelle.brunet@hotmail.fr,,
Aurore,Leduc,PARIS 75003,01.89.83.07.78,aurore.leduc@hotmail.fr,ouvrier,
Simone,Bouvet,MARSEILLE 13012,04.71.90.19.18,simone.bouvet@yahoo.fr,barman,09/01/1991
Guy,Moreau,NICE 06200,04.78.48.51.39,guy.moreau@yahoo.fr,,19/02/2002
Augustin,Turpin,,01.13.57.19.60,augustin.turpin@server.fr,,18/09/1972
Louis,du Le Roux,LYON 69009,04.06.80.04.55,louis.du-le-roux@gmail.com,journaliste,03/09/2006
Oceane,Lemonnier du Jourdan,MARSEILLE 13012,04.65.07.95.29,oceane.lemonnier-du-jourdan@gmail.com,medecin,23/03/1961
,Bouvier,STRASBOURG 67200,03.21.94.08.96,capucine.bouvier@hotmail.fr,barman,11/11/1980
Benoit,Navarro,,04.91.90.20.57,benoit.navarro@yahoo.fr,militaire,03/06/1979
Jeannine,Bernard,,04.05.16.68.17,jeannine.bernard@hotmail.fr,banquier,
Michelle,Huet,PARIS 75020,01.45.65.96.09,michelle.huet@hotmail.fr,militaire,04/06/1984
Matthieu,Baudry,,01.03.03.80.86,matthieu.baudry@gmail.com,,19/11/1982
Marcel,Carpentier,MARSEILLE 13004,04.31.56.57.25,marcel.carpentier@yahoo.fr,agriculteur,
Robert,Dupuis,PARIS 75013,01.60.71.90.87,robert.dupuis@outlook.fr,medecin,
Agnes,Leconte,TOULOUSE 31200,05.31.62.21.78,agnes.leconte@yahoo.fr,,
Auguste,Leconte,LYON 69009,04.63.76.40.46,auguste.leconte@yahoo.fr,,11/11/1959
Cecile,Gallet Le Lacroix,MONTPELLIER 34090,04.74.86.66.19,cecile.gallet-le-lacroix@gmail.com,architecte,
Alfred,Briand,NICE 06000,04.04.56.99.19,alfred.briand@server.fr,,12/02/1983
,Normand,PARIS 75001,01.49.21.62.27,robert-yves.normand@hotmail.fr,militaire,
Jules,Buisson,PARIS 75008,01.13.54.82.44,jules.buisson@hotmail.fr,,
Laurent,Herve-Leveque,MARSEILLE 13003,04.98.63.92.42,laurent.herve-leveque@gmail.com,,25/11/1971
Laurent,Poirier,PARIS 75017,01.31.02.75.87,laurent.poirier@yahoo.fr,agriculteur,
Antoine,Lebon,NANTES 44200,02.99.45.10.62,antoine.lebon@outlook.fr,,
Oceane,Pottier Le Lefevre,,04.27.21.11.91,oceane.pottier-le-lefevre@outlook.fr,,21/04/2003
Juliette,Muller,MARSEILLE 13013,04.38.00.56.34,juliette.muller@gmail.com,,12/01/1977
Jules,Dufour,MONTPELLIER 34090,04.84.43.35.45,jules.dufour@server.fr,chercheur,
Capucine,Didier,,02.46.29.51.91,capucine.didier@outlook.fr,ouvrier,
Sebastien,du Peltier,TOULOUSE 31400,05.84.71.03.69,,chercheur,25/02/1961
Joseph,Colin,,04.07.51.66.44,joseph.colin@gmail.com,chauffeur,17/05/1958
Gregoire,Dumas,MARSEILLE 13013,04.23.19.10.86,gregoire.dumas@outlook.fr,,27/02/1990
Benoit,Ramos,,01.07.75.62.13,benoit.ramos@gmail.com,architecte,04/04/1978
Adrienne,de Giraud,LE HAVRE 76620,02.20.25.07.27,adrienne.de-giraud@hotmail.fr,,
Daniel,Dumas,,02.50.55.67.88,daniel.dumas@gmail.com,,
Alice,Leger,,04.66.58.36.85,alice.leger@yahoo.fr,journaliste,25/09/2002
Zacharie,Alves,NICE 06200,04.49.58.25.64,zacharie.alves@yahoo.fr,comptable,04/11/1967
Jerome,Le Roussel,MARSEILLE 13010,04.59.75.53.26,jerome.le-roussel@yahoo.fr,technicien,30/10/2003
,Bazin,PARIS 75010,01.56.47.95.26,margaud-claude.bazin@gmail.com,militaire,18/09/1972
Thibault,Peltier,,05.15.83.59.97,thibault.peltier@outlook.fr,architecte,20/04/1959
Jerome,Gonzalez,MARSEILLE 13013,04.01.01.00.79,jerome.gonzalez@hotmail.fr,,02/08/1967
Sylvie,Guillot,LYON 69007,04.13.18.45.78,sylvie.guillot@gmail.com,,11/11/1954
Astrid,Navarro,,04.48.33.39.12,astrid.navarro@yahoo.fr,,01/03/1955
Jerome,Evrard,LYON 69007,04.99.32.30.07,jerome.evrard@gmail.com,barman,
Penelope,Antoine,MARSEILLE 13010,04.19.82.65.38,,,05/03/1971
Alex,Aubert Le Guyon,STRASBOURG 67100,03.00.37.67.72,alex.aubert-le-guyon@yahoo.fr,,28/09/1981
,Schneider,,04.75.28.47.51,lucie.schneider@gmail.com,,30/12/1963
Valerie,Caron du Dumont,,01.10.02.57.32,valerie.caron-du-dumont@gmail.com,comptable,20/03/1967
,Gosselin,PARIS 75003,01.54.30.98.25,susan-luce.gosselin@outlook.fr,barman,
Maggie,Marin,,01.12.70.43.91,maggie.marin@server.fr,,11/01/2005
Christophe,Le Bousquet,MARSEILLE 13002,04.57.23.25.76,christophe.le-bousquet@outlook.fr,,
Alex,Raynaud,MARSEILLE 13013,04.69.71.50.48,alex.raynaud@gmail.com,ouvrier,
Valerie,Labbe-Dijoux,TOULOUSE 31400,05.34.15.35.87,valerie.labbe-dijoux@hotmail.fr,journaliste,13/10/1961
Renee,Peron,STRASBOURG 67200,03.48.21.84.90,,ouvrier,03/05/1967
Jerome,Delmas,MARSEILLE 13008,04.92.99.70.04,jerome.delmas@gmail.com,,30/11/1981
Emmanuelle,Legendre,PARIS 75020,01.71.07.97.89,emmanuelle.legendre@outlook.fr,,14/01/1962
,Bouchet-Marchal,NANTES 44000,02.14.98.30.02,guy.bouchet-marchal@hotmail.fr,agriculteur,
,Dupuy,LYON 69008,04.50.03.11.01,adele.dupuy@hotmail.fr,,02/04/1980
Jean-Thomas,Roger,PARIS 75020,01.09.91.23.94,jean-thomas.roger@gmail.com,enseignant,24/01/1965
Thomas,Garnier-Lejeune,,02.05.65.70.60,thomas.garnier-lejeune@hotmail.fr,,
,Lefort,TOULON 83000,04.93.72.27.07,bernadette.lefort@gmail.com,acteur,
Gilles,Perret,,04.78.44.03.21,gilles.perret@gmail.com,comptable,21/02/1973
Yves,Chartier du Carlier,RENNES 35700,02.24.46.18.43,yves.chartier-du-carlier@gmail.com,,
Emmanuelle,Gregoire,TOULOUSE 31200,05.23.03.38.64,emmanuelle.gregoire@gmail.com,barman,
Marianne,Guibert,RENNES 35000,02.09.16.05.66,marianne.guibert@hotmail.fr,cuisinier,19/12/1988
Catherine,Hamon,LYON 69008,04.02.27.20.25,catherine.hamon@server.fr,avocat,01/04/1957
Bernard,Monnier-Dos Santos,MARSEILLE 13013,04.38.17.97.05,,,
Paulette,Techer,,04.60.35.85.86,paulette.techer@server.fr,banquier,01/01/1981
Alex,Mace du Ollivier,LYON 69003,04.45.18.40.52,,chauffeur,29/10/1991
Sophie,Vasseur,PARIS 75012,01.88.77.06.68,sophie.vasseur@hotmail.fr,barman,06/11/1991
Alix,Foucher,,04.80.47.40.44,alix.foucher@gmail.com,cuisinier,21/08/1970
,Lemonnier,,05.98.51.28.05,margaud.lemonnier@server.fr,ouvrier,
Valerie,Le Humbert,MARSEILLE 13004,04.77.60.11.10,valerie.le-humbert@outlook.fr,cuisinier,26/11/1969
Louise,Baron Le Bigot,RILLIEUX LA PAPE 69140,04.39.68.06.50,louise.baron-le-bigot@server.fr,boulanger,28/08/1997
David,Leveque,PARIS 75016,01.86.37.74.77,david.leveque@outlook.fr,technicien,02/07/1971
Danielle,Lemonnier,,04.40.99.16.68,danielle.lemonnier@server.fr,comptable,06/10/1968
Brigitte-Manon,Gonzalez,,04.09.67.27.07,brigitte-manon.gonzalez@outlook.fr,,25/01/1962
Susanne-Adele,Costa,BORDEAUX 33000,05.64.80.35.50,susanne-adele.costa@gmail.com,,23/11/1969
Maryse,Coulon,NICE 06000,04.86.20.56.51,,,
,Jacques du Guerin,MARSEILLE 13011,04.11.76.33.40,henriette.jacques-du-guerin@gmail.com,,
Claire,Martinez de la Fischer,LILLE 59260,03.11.20.56.94,,journaliste,15/12/1974
,Marion,MONTPELLIER 34000,04.06.94.60.45,guy.marion@gmail.com,,
Louise,Briand,ST ETIENNE 42000,04.63.75.24.54,louise.briand@yahoo.fr,agriculteur,
Marine,Olivier,SAINT-PRIEST 69800,04.46.79.67.59,marine.olivier@gmail.com,,10/09/2005
,Adam,,01.68.71.73.31,capucine.adam@outlook.fr,,24/06/1980
Theophile,Lefevre de la Leclercq,GRENOBLE 38000,04.38.41.21.83,theophile.lefevre-de-la-leclercq@server.fr,agriculteur,26/04/1970
Lucas,Pasquier,,02.35.26.59.32,lucas.pasquier@gmail.com,chercheur,11/06/1985
Richard,Renaud,PARIS 75009,01.45.84.22.87,richard.renaud@hotmail.fr,,12/05/1956
,Guyon,,05.98.29.19.72,martin.guyon@outlook.fr,chauffeur,04/01/1996
,Carre,PARIS 75016,01.98.37.50.98,adrien.carre@gmail.com,acteur,25/09/1990
Honore,Da Silva,LYON 69009,04.50.71.47.37,honore.da-silva@hotmail.fr,chef d'entreprise,
Emile,Lacroix,,04.02.06.19.18,emile.lacroix@yahoo.fr,journaliste,25/12/1959
,Normand de la Barbe,NANTES 44000,02.12.74.50.57,elise.normand-de-la-barbe@gmail.com,technicien,30/03/1977
,Dijoux,,04.29.67.58.50,denis-martin.dijoux@yahoo.fr,,
Michele,Gautier,NICE 06100,04.42.24.01.92,michele.gautier@yahoo.fr,,
Richard,Le Roux,TOULOUSE 31400,05.12.11.31.32,richard.le-roux@gmail.com,chef d'entreprise,29/12/1995
Adrienne,Dubois,TOULOUSE 31500,05.04.42.14.91,adrienne.dubois@yahoo.fr,,
Leon,Perret,LE HAVRE 76610,02.97.73.24.53,leon.perret@outlook.fr,journaliste,
Adele,Masse,MONTPELLIER 34090,04.50.48.06.82,adele.masse@hotmail.fr,,
Bertrand,Chauvin,LE HAVRE 76610,02.94.12.42.45,bertrand.chauvin@yahoo.fr,chauffeur,06/02/1979
Danielle,Barbe du Collin,PIERRE BENITE 69310,04.48.90.45.12,danielle.barbe-du-collin@hotmail.fr,,13/11/1989
Brigitte,Pineau,TOULOUSE 31300,05.97.18.21.36,brigitte.pineau@hotmail.fr,enseignant,04/12/1977
Alexandrie,Meunier,MARSEILLE 13008,04.66.78.96.52,alexandrie.meunier@hotmail.fr,agriculteur,09/09/1956
Manon,Collin,,05.65.90.79.74,manon.collin@outlook.fr,architecte,15/11/1967
Michelle,de la Marques,MARSEILLE 13007,04.50.17.86.85,michelle.de-la-marques@gmail.com,footballeur,
Ines,Pasquier,MARSEILLE 13001,04.20.15.22.46,ines.pasquier@yahoo.fr,acteur,
Dominique,Daniel,GRENOBLE 38100,04.55.96.44.25,dominique.daniel@outlook.fr,barman,
Edouard,Rodrigues de la Bousquet,,05.89.43.53.08,edouard.rodrigues-de-la-bousquet@gmail.com,boulanger,
Antoinette-Arnaude,Imbert,MARSEILLE 13011,04.16.61.99.24,antoinette-arnaude.imbert@gmail.com,chauffeur,18/01/2000
Georges,Le Riviere,PARIS 75018,01.69.10.86.56,georges.le-riviere@gmail.com,chef d'entreprise,05/04/1989
Valerie,Lecomte,NANTES 44300,02.19.92.61.57,,,11/01/2001
Catherine,Turpin,MARSEILLE 13009,04.82.71.43.85,catherine.turpin@hotmail.fr,enseignant,15/02/1994
,Benard,,05.26.26.33.48,sylvie-pauline.benard@yahoo.fr,,26/06/1968
Honore,Diallo,PARIS 75020,01.58.53.67.45,honore.diallo@yahoo.fr,,14/01/1975
Denis-Rene,Fernandez,PARIS 75010,01.13.67.18.60,denis-rene.fernandez@outlook.fr,technicien,01/08/1968
Marie,Legros,GRENOBLE 38100,04.83.69.18.18,marie.legros@yahoo.fr,ouvrier,
Claudine,Delattre,,04.18.69.32.61,claudine.delattre@gmail.com,,22/12/1986
Audrey,Coulon,BORDEAUX 33000,05.03.47.23.42,audrey.coulon@gmail.com,avocat,13/08/1991
Bertrand,Fabre,,03.94.64.00.97,bertrand.fabre@yahoo.fr,medecin,06/07/1962
Frederic,de la Morvan,PARIS 75006,01.89.40.08.23,frederic.de-la-morvan@gmail.com,agriculteur,07/11/1970
Alain,Barre,MARSEILLE 13013,04.87.89.66.69,alain.barre@outlook.fr,chercheur,14/11/1995
Margot,Le Auger,MARSEILLE 13013,04.57.24.03.59,margot.le-auger@outlook.fr,chercheur,18/12/1985
Madeleine,Dos Santos,LE HAVRE 76600,02.39.71.57.74,madeleine.dos-santos@yahoo.fr,,01/01/1960
Christiane,Chevallier,PARIS 75003,01.73.47.31.62,christiane.chevallier@gmail.com,barman,23/03/1968
Gilbert,de la Lopez,PARIS 75002,01.53.48.03.33,gilbert.de-la-lopez@server.fr,journaliste,
Timothee,Le Delmas,MONTPELLIER 34000,04.13.63.00.78,timothee.le-delmas@outlook.fr,enseignant,11/07/2004
Gilbert,Teixeira,PARIS 75014,01.27.50.72.00,gilbert.teixeira@gmail.com,cuisinier,03/05/1971
Aurore,Maillet,SAINT-DENIS 93200,01.38.15.53.50,aurore.maillet@hotmail.fr,,01/10/1979
Elodie,Weiss de Riou,STRASBOURG 67100,03.36.19.48.46,elodie.weiss-de-riou@outlook.fr,journaliste,06/10/1999
Victor,Gregoire,MARSEILLE 13008,04.17.15.81.67,victor.gregoire@gmail.com,chercheur,04/04/1958
Gabriel,Martinez,PARIS 75003,01.17.30.93.74,gabriel.martinez@server.fr,,
Martin,Arnaud-Maillard,MARSEILLE 13009,04.32.38.66.47,martin.arnaud-maillard@hotmail.fr,,17/09/1969
Alix,Michel,MARSEILLE 13003,04.78.09.10.87,alix.michel@outlook.fr,chercheur,
Joseph,Menard,,04.25.80.42.97,,,18/05/1973
,Rousset de Alves,MARSEILLE 13004,04.94.80.16.73,,chauffeur,04/10/1982
Andre,Olivier,,05.34.71.72.23,andre.olivier@gmail.com,,05/02/2004
,Daniel,PARIS 75018,01.40.93.87.81,louis.daniel@yahoo.fr,cuisinier,
Julie-Laurence,Renard,TOULOUSE 31400,05.95.45.75.86,,,03/01/1985
Denis,Raymond,PARIS 75001,01.44.90.05.39,denis.raymond@hotmail.fr,barman,22/11/1961
Celina,Launay de la Lecoq,BORDEAUX 33200,05.87.03.34.67,celina.launay-de-la-lecoq@yahoo.fr,chef d'entreprise,01/07/2004
Joseph-Thomas,Andre,MARSEILLE 13013,04.94.54.20.50,joseph-thomas.andre@gmail.com,militaire,
Jules,Pineau,LYON 69007,04.31.23.20.02,jules.pineau@hotmail.fr,architecte,28/12/1960
Gabriel,Martel,MARSEILLE 13015,04.16.92.04.17,gabriel.martel@yahoo.fr,agriculteur,
Bernard,Meyer-Joubert,MARSEILLE 13005,04.34.14.22.74,bernard.meyer-joubert@gmail.com,,12/10/1961
Brigitte,Prevost Le Lucas,PARIS 75015,01.81.33.92.89,,militaire,01/09/1996
Pierre,Pinto,STRASBOURG 67100,03.82.17.24.27,pierre.pinto@gmail.com,chercheur,
,Lucas,PARIS 75017,01.71.54.99.81,suzanne.lucas@gmail.com,ouvrier,16/01/1985
,de Hamel,SAINT-DENIS 93200,01.42.45.94.65,stephanie.de-hamel@yahoo.fr,medecin,20/09/1966
Noel,Bailly,MARSEILLE 13004,04.62.16.95.13,,technicien,
Marianne,de la Laporte,PARIS 75014,01.61.95.40.68,marianne.de-la-laporte@gmail.com,chercheur,28/10/1963
William,Garcia,PARIS 75005,01.77.13.33.98,,,
,Garnier,MARSEILLE 13016,04.94.06.58.33,hugues.garnier@yahoo.fr,architecte,02/01/1989
Michele,Levy-Delmas,MARSEILLE 13009,04.24.10.93.23,michele.levy-delmas@outlook.fr,journaliste,02/04/1964
Gregoire,Leroux du Noel,PARIS 75001,01.67.01.97.02,gregoire.leroux-du-noel@server.fr,chercheur,
Luce,Barbe,,01.69.71.51.49,luce.barbe@yahoo.fr,militaire,10/10/1985
Hortense,Le Moreno,MARSEILLE 13016,04.11.92.66.22,hortense.le-moreno@outlook.fr,boulanger,14/05/1964
Susan,Vidal,MARSEILLE 13009,04.13.85.43.27,,,
,Clement,MARSEILLE 13013,04.17.80.83.02,maurice-theodore.clement@outlook.fr,,27/05/1973
Gilles,Bouchet,,04.48.00.71.19,gilles.bouchet@gmail.com,architecte,
Marianne,Leconte,,04.63.64.28.56,,,
Clemence,Goncalves,NANTES 44100,02.68.01.05.57,clemence.goncalves@gmail.com,,13/06/1976
Christelle-Valentine,Rodrigues,,04.23.38.02.15,christelle-valentine.rodrigues@yahoo.fr,,
Amelie-Celina,Leveque,,02.80.88.90.31,amelie-celina.leveque@hotmail.fr,,05/10/1984
Auguste,Gauthier,,04.50.01.48.47,auguste.gauthier@gmail.com,,
Remy,Pelletier,,04.30.70.25.13,remy.pelletier@yahoo.fr,chercheur,09/02/1996
Nath,Robin,GRENOBLE 38000,04.70.00.36.89,nath.robin@gmail.com,acteur,
,Roche,BORDEAUX 33200,05.52.90.94.47,marcel.roche@hotmail.fr,avocat,07/06/1961
Veronique,Jacques,,05.61.29.24.11,,,
Raymond,Mahe,NANTES 44200,02.71.52.44.20,raymond.mahe@gmail.com,,08/09/1967
Caroline-Margaux,Baudry,RENNES 35700,02.01.47.96.18,caroline-margaux.baudry@hotmail.fr,,
,Bertrand,PARIS 75018,01.30.88.03.10,benjamin.bertrand@yahoo.fr,chercheur,19/11/1984
Margaud,Noel,LILLE 59260,03.02.30.37.85,margaud.noel@hotmail.fr,,07/02/1975
Susanne,Levy,LYON 69002,04.81.88.41.01,susanne.levy@yahoo.fr,,12/12/1958
Antoinette,Jacob de Pottier,,03.84.20.69.36,,,01/02/1997
Aime,Coulon,SAINT-DENIS 93210,01.76.45.76.79,aime.coulon@hotmail.fr,cuisinier,
Jerome,Le Rodrigues,LYON 69001,04.42.65.07.09,jerome.le-rodrigues@hotmail.fr,,
,Briand,PARIS 75013,01.98.68.77.21,raymond.briand@gmail.com,banquier,
Sophie,Salmon,STRASBOURG 67000,03.03.03.11.17,sophie.salmon@hotmail.fr,footballeur,01/08/1962
daisy,Leger,LILLE 59260,03.78.93.42.92,daisy.leger@hotmail.fr,,22/09/1973
Michelle,Teixeira,,04.81.00.22.08,michelle.teixeira@yahoo.fr,,
Eric,Hamel,,04.91.85.97.00,eric.hamel@gmail.com,boulanger,14/11/1979
Arthur,Petit,ST ETIENNE 42100,04.83.73.00.29,arthur.petit@yahoo.fr,enseignant,
Remy,Hoareau,MARSEILLE 13011,04.43.25.70.05,remy.hoareau@hotmail.fr,informaticien,09/03/1956
Olivie,Perrier,,04.99.50.28.55,olivie.perrier@outlook.fr,chef d'entreprise,
Philippe,de la Le Goff,ST ETIENNE 42100,04.32.36.21.19,philippe.de-la-le-goff@server.fr,militaire,
Michel,Menard,,01.24.11.99.84,michel.menard@gmail.com,,10/02/1966
,Bernard,,03.30.34.43.88,cecile.bernard@hotmail.fr,technicien,29/06/1964
,Richard,LILLE 59000,03.21.60.16.74,margaret.richard@yahoo.fr,,15/09/1994
Jean-Guy,Germain,STRASBOURG 67100,03.29.35.29.60,jean-guy.germain@yahoo.fr,technicien,21/12/1966
,de la Gaudin,PARIS 75010,01.38.23.93.34,roland.de-la-gaudin@yahoo.fr,,
,Chauveau-Delahaye,,04.87.23.95.06,veronique.chauveau-delahaye@hotmail.fr,architecte,21/06/2000
Manon,Le Goff,,04.82.49.10.94,manon.le-goff@gmail.com,enseignant,02/12/1969
Gregoire,Pottier,,04.76.75.03.14,gregoire.pottier@outlook.fr,,
Richard,Herve,,02.78.67.04.88,richard.herve@yahoo.fr,comptable,05/08/1982
Emmanuelle,Foucher,LYON 69003,04.56.25.96.54,emmanuelle.foucher@gmail.com,,27/03/1954
Martine,Hebert,MARSEILLE 13013,04.03.58.71.49,martine.hebert@yahoo.fr,,
Marc,Germain,,04.43.76.38.17,marc.germain@hotmail.fr,,08/12/1973
Andree,Boyer,,01.49.90.03.33,andree.boyer@yahoo.fr,,06/08/1985
Emile,Lesage Le Fouquet,PARIS 75009,01.77.23.49.90,emile.lesage-le-fouquet@hotmail.fr,chauffeur,
Roger,de Mercier,MARSEILLE 13013,04.52.12.16.77,,avocat,28/08/1963
Mathilde,Duhamel,LYON 69009,04.09.32.42.70,mathilde.duhamel@hotmail.fr,,
Elise,de Renard,MARSEILLE 13013,04.48.85.97.99,elise.de-renard@hotmail.fr,chef d'entreprise,29/03/1994
,Boulanger,,04.74.71.18.03,matthieu.boulanger@hotmail.fr,,07/06/1955
Suzanne,Guerin du David,LYON 69006,04.99.34.68.76,suzanne.guerin-du-david@hotmail.fr,footballeur,17/06/1998
,Bouvier,,04.80.91.27.65,emile.bouvier@gmail.com,chef d'entreprise,04/02/1961
Marcelle,Boulay,STRASBOURG 67000,03.48.26.79.06,marcelle.boulay@outlook.fr,,14/01/1959
Joseph,Carpentier,PARIS 75015,01.49.25.24.46,joseph.carpentier@outlook.fr,enseignant,27/12/1971
Nath,Leleu du Vincent,NANTES 44300,02.21.24.14.92,nath.leleu-du-vincent@gmail.com,barman,
Margot-Genevieve,Robert,PARIS 75012,01.59.66.93.59,margot-genevieve.robert@gmail.com,cuisinier,06/12/1989
,Maillet,LE HAVRE 76600,02.55.74.21.90,claude.maillet@gmail.com,,26/10/1986
Denise,Mendes,NANTES 44300,02.56.95.92.10,denise.mendes@outlook.fr,informaticien,
Matthieu,Turpin,STRASBOURG 67000,03.58.46.49.46,matthieu.turpin@server.fr,footballeur,20/05/1995
Alice,Giraud,,02.36.31.83.52,alice.giraud@hotmail.fr,informaticien,
,Hamel-Lamy,,02.12.08.61.01,paulette.hamel-lamy@gmail.com,,
Marc,Adam-Hamel,LYON 69002,04.92.81.94.32,marc.adam-hamel@server.fr,,10/01/1964
Sabine-Aimee,Marin,PARIS 75011,01.70.01.77.11,,architecte,
,Faure,LYON 69001,04.72.49.85.54,guillaume.faure@hotmail.fr,militaire,05/09/1967
Arnaude,Guerin,,04.80.47.41.79,arnaude.guerin@yahoo.fr,,21/10/1981
Luc,Lamy,PARIS 75010,01.44.34.69.11,luc.lamy@gmail.com,chef d'entreprise,
Roger,du Dupont,MARSEILLE 13001,04.33.07.07.32,roger.du-dupont@hotmail.fr,agriculteur,
Rene,Delahaye,,02.92.75.04.25,rene.delahaye@hotmail.fr,avocat,06/06/1958
daisy,Chauvet-Lacombe,PARIS 75004,01.90.54.50.31,daisy.chauvet-lacombe@yahoo.fr,chercheur,11/11/1985
Celina-Brigitte,Loiseau,,01.17.53.51.47,celina-brigitte.loiseau@gmail.com,technicien,25/09/1959
Margot-Dorothee,Deschamps,,01.07.58.53.79,margot-dorothee.deschamps@gmail.com,,
Roland,de Ollivier,,04.43.05.58.77,roland.de-ollivier@outlook.fr,,27/10/1972
Susanne,Munoz-Masse,MARSEILLE 13013,04.87.17.61.62,susanne.munoz-masse@gmail.com,,16/06/1994
Arthur-Victor,Berger,,04.47.46.81.74,arthur-victor.berger@outlook.fr,informaticien,
Emmanuelle,du Becker,MARSEILLE 13002,04.19.99.36.03,emmanuelle.du-becker@outlook.fr,chauffeur,22/10/1985
Charlotte,Devaux-Auger,NICE 06200,04.00.88.66.01,charlotte.devaux-auger@yahoo.fr,agriculteur,25/12/1974
Isaac,Moreau-Munoz,,05.58.53.21.43,isaac.moreau-munoz@hotmail.fr,,
,de Auger,,04.87.99.53.60,bernard.de-auger@outlook.fr,,16/10/1964
Henri,Barbe,NICE 06100,04.41.87.75.08,henri.barbe@hotmail.fr,,22/08/1977
,Perrin,MARSEILLE 13002,04.74.61.32.80,elisabeth-agnes.perrin@outlook.fr,militaire,
,Petitjean,MARSEILLE 13003,04.39.32.17.95,patrick.petitjean@yahoo.fr,,29/03/1960
Jerome,Bertin,LYON 69004,04.85.40.49.76,jerome.bertin@outlook.fr,banquier,15/07/1984
Jacques,Blanchard-Masson,,01.15.17.81.93,jacques.blanchard-masson@gmail.com,technicien,04/11/1969
Guy,Thierry,STRASBOURG 67100,03.31.55.30.25,guy.thierry@outlook.fr,,
Thomas-Theodore,Rousset,MARSEILLE 13013,04.90.93.68.82,thomas-theodore.rousset@outlook.fr,militaire,
Thibaut,Briand,PARIS 75015,01.38.77.37.96,thibaut.briand@outlook.fr,informaticien,07/03/1957
Gabrielle,Bailly,,04.20.16.55.30,gabrielle.bailly@hotmail.fr,,08/10/1978
Raymond,Tessier,PARIS 75004,01.41.48.23.24,raymond.tessier@gmail.com,,07/07/2002
Margaret,Rodriguez,RENNES 35200,02.33.47.48.30,margaret.rodriguez@gmail.com,comptable,31/08/1980
Nicole,Dupuy de Wagner,MARSEILLE 13009,04.35.16.13.59,nicole.dupuy-de-wagner@gmail.com,,
,Guyot,,04.22.94.08.54,adrienne.guyot@gmail.com,avocat,
,Daniel,CALUIRE-ET-CUIRE 69300,04.31.29.71.32,arthur.daniel@gmail.com,avocat,24/03/1962
Anais-Audrey,Dupuis,,05.92.06.84.81,anais-audrey.dupuis@outlook.fr,,06/05/1969
,Muller,NANTES 44300,02.64.17.68.36,capucine.muller@hotmail.fr,informaticien,19/05/1982
,Voisin,TOULOUSE 31300,05.42.31.15.68,susanne.voisin@hotmail.fr,,
Adrienne,Hoarau,,05.86.90.99.86,adrienne.hoarau@outlook.fr,footballeur,19/06/1965
Henriette,Clerc,,04.16.41.11.97,henriette.clerc@outlook.fr,,30/09/1983
Etienne,Petit,MARSEILLE 13009,04.04.98.43.79,etienne.petit@yahoo.fr,,01/12/1978
Nicolas,Texier,MARSEILLE 13013,04.00.75.47.77,nicolas.texier@gmail.com,,09/02/2005
,Carlier,PARIS 75010,01.86.70.94.45,richard.carlier@outlook.fr,ouvrier,
Antoinette,Brun,PARIS 75010,01.25.85.53.19,antoinette.brun@outlook.fr,,
,Joly de Poirier,TOULOUSE 31100,05.06.88.06.61,audrey.joly-de-poirier@hotmail.fr,,
,Delmas,PARIS 75018,01.72.49.92.50,marguerite.delmas@gmail.com,,17/06/1954
,Charrier,TOULON 83100,04.53.22.21.21,philippine.charrier@server.fr,,22/10/1993
Jean,Cousin,,04.96.95.51.19,jean.cousin@yahoo.fr,,29/07/1991
Olivier,Laurent,STRASBOURG 67000,03.41.08.97.09,olivier.laurent@gmail.com,medecin,05/10/1990
Agathe,Dupuis,SAINT-DENIS 93200,01.85.30.85.64,agathe.dupuis@server.fr,,04/03/2002
Marc-Frederic,Lejeune,LE HAVRE 76620,02.72.44.35.84,,medecin,26/09/1969
Patricia,Laurent,NICE 06200,04.15.12.77.34,,chercheur,14/09/2005
Christine,Le Merle,LYON 69005,04.26.93.03.30,christine.le-merle@yahoo.fr,,29/11/1959
